"group_displayname","user_nickname","user_info","content","content_type","robot_id","robot_displayname","user_signature","time","region","city"
"Wilson_å¤§æ•°æ®åˆ†æè¡Œä¸š","æ°¸è¿œçš„é å±±","[{""Sex"": 1, ""Uin"": 0, ""City"": ""æˆéƒ½"", ""Alias"": """", ""IsOwner"": 0, ""KeyWord"": """", ""SnsFlag"": 145, ""Statues"": 0, ""NickName"": ""æ°¸è¿œçš„é å±±"", ""OwnerUin"": 0, ""Province"": ""å››å·"", ""UserName"": ""@7bb11f84b03e523f715a4e6d12fb76ea39783fb3cd4958be014a52f03e41a925"", ""PYInitial"": ""YYDKS"", ""PYQuanPin"": ""yongyuandekaoshan"", ""Signature"": ""ä¸°å¯Œè‡ªå·±ï¼Œç»„è£…è‡ªå·±ï¼"", ""UniFriend"": 0, ""AttrStatus"": 4296807, ""ChatRoomId"": 0, ""HeadImgUrl"": ""/cgi-bin/mmwebwx-bin/webwxgeticon?seq=0&username=@7bb11f84b03e523f715a4e6d12fb76ea39783fb3cd4958be014a52f03e41a925&chatroomid=@076428b115c68c0b900620875a16d936&skey="", ""MemberList"": [], ""RemarkName"": """", ""StarFriend"": 0, ""VerifyFlag"": 0, ""ContactFlag"": 0, ""DisplayName"": """", ""MemberCount"": 0, ""MemberStatus"": 0, ""AppAccountFlag"": 0, ""EncryChatRoomId"": ""@076428b115c68c0b900620875a16d936"", ""RemarkPYInitial"": """", ""RemarkPYQuanPin"": """", ""HideInputBarFlag"": 0}]","å…¨ä¸–ç•Œèªæ˜äººéƒ½åœ¨ç©çš„æ¸¸æˆï¼Œå¿«æ¥è¯•è¯•ï¼","Sharing",NULL,NULL,NULL,"1524589868",NULL,NULL
"Wilson_æˆ‘çš„æµ‹è¯•ç¾¤","è¯šå®çš„äºº","[{""Sex"": 2, ""Uin"": 0, ""City"": """", ""Alias"": """", ""IsOwner"": 0, ""KeyWord"": """", ""SnsFlag"": 1, ""Statues"": 0, ""NickName"": ""è¯šå®çš„äºº"", ""OwnerUin"": 0, ""Province"": ""London"", ""UserName"": ""@62e3823c8f8cc7bb4cb17a86c415599285d7ae2f7e7c1b1495f31c526f241a16"", ""PYInitial"": ""CSDR"", ""PYQuanPin"": ""chengshideren"", ""Signature"": ""ç¾ç³æ­£å“ä»£è´­ã€‚å‡çš„æˆ‘åƒ"", ""UniFriend"": 0, ""AttrStatus"": 33787941, ""ChatRoomId"": 0, ""HeadImgUrl"": ""/cgi-bin/mmwebwx-bin/webwxgeticon?seq=666386380&username=@62e3823c8f8cc7bb4cb17a86c415599285d7ae2f7e7c1b1495f31c526f241a16&skey="", ""MemberList"": [], ""RemarkName"": ""1-17065687-è¯šå®çš„äºº"", ""StarFriend"": 0, ""VerifyFlag"": 0, ""ContactFlag"": 3, ""DisplayName"": """", ""MemberCount"": 0, ""MemberStatus"": 0, ""AppAccountFlag"": 0, ""EncryChatRoomId"": ""@aa17d1eefa24b9776453d1b13f67d22c"", ""RemarkPYInitial"": ""117065687CSDR"", ""RemarkPYQuanPin"": ""117065687chengshideren"", ""HideInputBarFlag"": 0}]","äº¤å‰å£å‘µå‘µå‘µ","Text","Jenny test",NULL,NULL,"1524595173",NULL,NULL
"Wilson_netshaker","Iris, NetShaker, Founder","[{""Sex"": 2, ""Uin"": 0, ""City"": """", ""Alias"": """", ""IsOwner"": 0, ""KeyWord"": """", ""SnsFlag"": 49, ""Statues"": 0, ""NickName"": ""Irissssss"", ""OwnerUin"": 0, ""Province"": """", ""UserName"": ""@061efd1171a4ef3d249d5599e5b324b628374c87f4a7842159ce8f8558940aad"", ""PYInitial"": ""IRISSSSSS"", ""PYQuanPin"": ""Irissssss"", ""Signature"": ""å¥½å‹é‚€è¯·è¯·æ³¨æ˜æ·»åŠ ç†ç”±"", ""UniFriend"": 0, ""AttrStatus"": 101027877, ""ChatRoomId"": 0, ""HeadImgUrl"": ""/cgi-bin/mmwebwx-bin/webwxgeticon?seq=0&username=@061efd1171a4ef3d249d5599e5b324b628374c87f4a7842159ce8f8558940aad&chatroomid=@8607289cd75e59046f495527761625d4&skey="", ""MemberList"": [], ""RemarkName"": """", ""StarFriend"": 0, ""VerifyFlag"": 0, ""ContactFlag"": 0, ""DisplayName"": ""Iris, NetShaker, Founder"", ""MemberCount"": 0, ""MemberStatus"": 0, ""AppAccountFlag"": 0, ""EncryChatRoomId"": ""@8607289cd75e59046f495527761625d4"", ""RemarkPYInitial"": """", ""RemarkPYQuanPin"": """", ""HideInputBarFlag"": 0}]","æ¬¢è¿æ–°äºº","Text","Jenny 3@ masterqun.com",NULL,NULL,"1524595947",NULL,NULL
"Wilson_netshaker","Iris, NetShaker, Founder","[{""Sex"": 2, ""Uin"": 0, ""City"": """", ""Alias"": """", ""IsOwner"": 0, ""KeyWord"": """", ""SnsFlag"": 49, ""Statues"": 0, ""NickName"": ""Irissssss"", ""OwnerUin"": 0, ""Province"": """", ""UserName"": ""@061efd1171a4ef3d249d5599e5b324b628374c87f4a7842159ce8f8558940aad"", ""PYInitial"": ""IRISSSSSS"", ""PYQuanPin"": ""Irissssss"", ""Signature"": ""å¥½å‹é‚€è¯·è¯·æ³¨æ˜æ·»åŠ ç†ç”±"", ""UniFriend"": 0, ""AttrStatus"": 101027877, ""ChatRoomId"": 0, ""HeadImgUrl"": ""/cgi-bin/mmwebwx-bin/webwxgeticon?seq=0&username=@061efd1171a4ef3d249d5599e5b324b628374c87f4a7842159ce8f8558940aad&chatroomid=@8607289cd75e59046f495527761625d4&skey="", ""MemberList"": [], ""RemarkName"": """", ""StarFriend"": 0, ""VerifyFlag"": 0, ""ContactFlag"": 0, ""DisplayName"": ""Iris, NetShaker, Founder"", ""MemberCount"": 0, ""MemberStatus"": 0, ""AppAccountFlag"": 0, ""EncryChatRoomId"": ""@8607289cd75e59046f495527761625d4"", ""RemarkPYInitial"": """", ""RemarkPYQuanPin"": """", ""HideInputBarFlag"": 0}]","æœ¬ç¾¤ç”¨æ¥åˆ†äº«å·¥ä½œ å†…éƒ¨æ¨è ç¦å¹¿å‘Š ä¸å»ºè®®åˆ·å±","Text","Jenny 3@ masterqun.com",NULL,NULL,"1524595983",NULL,NULL
"Wilson_netshaker","æµ·ä¼¦Helen","[{""Sex"": 2, ""Uin"": 0, ""City"": """", ""Alias"": """", ""IsOwner"": 0, ""KeyWord"": ""hel"", ""SnsFlag"": 177, ""Statues"": 0, ""NickName"": ""æµ·ä¼¦Helen"", ""OwnerUin"": 0, ""Province"": """", ""UserName"": ""@1005a56c91c9fa882bf40ff54f18697c"", ""PYInitial"": ""HLHELEN"", ""PYQuanPin"": ""hailunHelen"", ""Signature"": ""çº¢å°˜åšä¼´ï¼Œæ½‡æ½‡æ´’æ´’"", ""UniFriend"": 0, ""AttrStatus"": 67182757, ""ChatRoomId"": 0, ""HeadImgUrl"": ""/cgi-bin/mmwebwx-bin/webwxgeticon?seq=0&username=@1005a56c91c9fa882bf40ff54f18697c&chatroomid=@8607289cd75e59046f495527761625d4&skey="", ""MemberList"": [], ""RemarkName"": """", ""StarFriend"": 0, ""VerifyFlag"": 0, ""ContactFlag"": 0, ""DisplayName"": """", ""MemberCount"": 0, ""MemberStatus"": 0, ""AppAccountFlag"": 0, ""EncryChatRoomId"": ""@8607289cd75e59046f495527761625d4"", ""RemarkPYInitial"": """", ""RemarkPYQuanPin"": """", ""HideInputBarFlag"": 0}]","[ç«ç‘°][ç«ç‘°]æœ‰å¥½èŒä½å¸¦è¿‡æ¥ ","Text","Jenny 3@ masterqun.com",NULL,NULL,"1524595990",NULL,NULL
"Wilson_netshaker","æµ·ä¼¦Helen","[{""Sex"": 2, ""Uin"": 0, ""City"": """", ""Alias"": """", ""IsOwner"": 0, ""KeyWord"": ""hel"", ""SnsFlag"": 177, ""Statues"": 0, ""NickName"": ""æµ·ä¼¦Helen"", ""OwnerUin"": 0, ""Province"": """", ""UserName"": ""@1005a56c91c9fa882bf40ff54f18697c"", ""PYInitial"": ""HLHELEN"", ""PYQuanPin"": ""hailunHelen"", ""Signature"": ""çº¢å°˜åšä¼´ï¼Œæ½‡æ½‡æ´’æ´’"", ""UniFriend"": 0, ""AttrStatus"": 67182757, ""ChatRoomId"": 0, ""HeadImgUrl"": ""/cgi-bin/mmwebwx-bin/webwxgeticon?seq=0&username=@1005a56c91c9fa882bf40ff54f18697c&chatroomid=@8607289cd75e59046f495527761625d4&skey="", ""MemberList"": [], ""RemarkName"": """", ""StarFriend"": 0, ""VerifyFlag"": 0, ""ContactFlag"": 0, ""DisplayName"": """", ""MemberCount"": 0, ""MemberStatus"": 0, ""AppAccountFlag"": 0, ""EncryChatRoomId"": ""@8607289cd75e59046f495527761625d4"", ""RemarkPYInitial"": """", ""RemarkPYQuanPin"": """", ""HideInputBarFlag"": 0}]","è°¢è°¢Iris ","Text","Jenny 3@ masterqun.com",NULL,NULL,"1524595996",NULL,NULL
"Wilson_netshaker","æµ·ä¼¦Helen","[{""Sex"": 2, ""Uin"": 0, ""City"": """", ""Alias"": """", ""IsOwner"": 0, ""KeyWord"": ""hel"", ""SnsFlag"": 177, ""Statues"": 0, ""NickName"": ""æµ·ä¼¦Helen"", ""OwnerUin"": 0, ""Province"": """", ""UserName"": ""@1005a56c91c9fa882bf40ff54f18697c"", ""PYInitial"": ""HLHELEN"", ""PYQuanPin"": ""hailunHelen"", ""Signature"": ""çº¢å°˜åšä¼´ï¼Œæ½‡æ½‡æ´’æ´’"", ""UniFriend"": 0, ""AttrStatus"": 67182757, ""ChatRoomId"": 0, ""HeadImgUrl"": ""/cgi-bin/mmwebwx-bin/webwxgeticon?seq=0&username=@1005a56c91c9fa882bf40ff54f18697c&chatroomid=@8607289cd75e59046f495527761625d4&skey="", ""MemberList"": [], ""RemarkName"": """", ""StarFriend"": 0, ""VerifyFlag"": 0, ""ContactFlag"": 0, ""DisplayName"": """", ""MemberCount"": 0, ""MemberStatus"": 0, ""AppAccountFlag"": 0, ""EncryChatRoomId"": ""@8607289cd75e59046f495527761625d4"", ""RemarkPYInitial"": """", ""RemarkPYQuanPin"": """", ""HideInputBarFlag"": 0}]","1","Picture","Jenny 3@ masterqun.com",NULL,NULL,"1524596003",NULL,NULL
"Wilson_netshaker","æµ·ä¼¦Helen","[{""Sex"": 2, ""Uin"": 0, ""City"": """", ""Alias"": """", ""IsOwner"": 0, ""KeyWord"": ""hel"", ""SnsFlag"": 177, ""Statues"": 0, ""NickName"": ""æµ·ä¼¦Helen"", ""OwnerUin"": 0, ""Province"": """", ""UserName"": ""@1005a56c91c9fa882bf40ff54f18697c"", ""PYInitial"": ""HLHELEN"", ""PYQuanPin"": ""hailunHelen"", ""Signature"": ""çº¢å°˜åšä¼´ï¼Œæ½‡æ½‡æ´’æ´’"", ""UniFriend"": 0, ""AttrStatus"": 67182757, ""ChatRoomId"": 0, ""HeadImgUrl"": ""/cgi-bin/mmwebwx-bin/webwxgeticon?seq=0&username=@1005a56c91c9fa882bf40ff54f18697c&chatroomid=@8607289cd75e59046f495527761625d4&skey="", ""MemberList"": [], ""RemarkName"": """", ""StarFriend"": 0, ""VerifyFlag"": 0, ""ContactFlag"": 0, ""DisplayName"": """", ""MemberCount"": 0, ""MemberStatus"": 0, ""AppAccountFlag"": 0, ""EncryChatRoomId"": ""@8607289cd75e59046f495527761625d4"", ""RemarkPYInitial"": """", ""RemarkPYQuanPin"": """", ""HideInputBarFlag"": 0}]","ã€å¸®è½¬æ€¥æ‹›ã€‘ä¸€ä¸ªåŸºé‡‘ç®¡ç†å…¬å¸æ€¥æ‹›ä¸€ä½Accountant Administratorï¼Œå¾ˆé€‚åˆåˆšæœ‰ä¸€ç‚¹ç‚¹ç»éªŒå¹¶æƒ³æ‰¾é•¿æœŸç¨³å®šå·¥ä½œçš„å­¦ä¼šè®¡/é‡‘èçš„èŒåœºæ–°æ‰‹ã€‚è–ªèµ„å¾…é‡è¿˜å¯ä»¥ï¼Œæ„Ÿå…´è¶£è¯·å‘ç®€å†åˆ°helensonghr@gmail.com","Text","Jenny 3@ masterqun.com",NULL,NULL,"1524596009",NULL,NULL
"Wilson_netshaker","Iris, NetShaker, Founder","[{""Sex"": 2, ""Uin"": 0, ""City"": """", ""Alias"": """", ""IsOwner"": 0, ""KeyWord"": """", ""SnsFlag"": 49, ""Statues"": 0, ""NickName"": ""Irissssss"", ""OwnerUin"": 0, ""Province"": """", ""UserName"": ""@061efd1171a4ef3d249d5599e5b324b628374c87f4a7842159ce8f8558940aad"", ""PYInitial"": ""IRISSSSSS"", ""PYQuanPin"": ""Irissssss"", ""Signature"": ""å¥½å‹é‚€è¯·è¯·æ³¨æ˜æ·»åŠ ç†ç”±"", ""UniFriend"": 0, ""AttrStatus"": 101027877, ""ChatRoomId"": 0, ""HeadImgUrl"": ""/cgi-bin/mmwebwx-bin/webwxgeticon?seq=0&username=@061efd1171a4ef3d249d5599e5b324b628374c87f4a7842159ce8f8558940aad&chatroomid=@8607289cd75e59046f495527761625d4&skey="", ""MemberList"": [], ""RemarkName"": """", ""StarFriend"": 0, ""VerifyFlag"": 0, ""ContactFlag"": 0, ""DisplayName"": ""Iris, NetShaker, Founder"", ""MemberCount"": 0, ""MemberStatus"": 0, ""AppAccountFlag"": 0, ""EncryChatRoomId"": ""@8607289cd75e59046f495527761625d4"", ""RemarkPYInitial"": """", ""RemarkPYQuanPin"": """", ""HideInputBarFlag"": 0}]","@æµ·ä¼¦Helenâ€…[å¼º][å¼º][å¼º]","Text","Jenny 3@ masterqun.com",NULL,NULL,"1524596021",NULL,NULL
"Wilson_netshaker","Iris, NetShaker, Founder","[{""Sex"": 2, ""Uin"": 0, ""City"": """", ""Alias"": """", ""IsOwner"": 0, ""KeyWord"": """", ""SnsFlag"": 49, ""Statues"": 0, ""NickName"": ""Irissssss"", ""OwnerUin"": 0, ""Province"": """", ""UserName"": ""@061efd1171a4ef3d249d5599e5b324b628374c87f4a7842159ce8f8558940aad"", ""PYInitial"": ""IRISSSSSS"", ""PYQuanPin"": ""Irissssss"", ""Signature"": ""å¥½å‹é‚€è¯·è¯·æ³¨æ˜æ·»åŠ ç†ç”±"", ""UniFriend"": 0, ""AttrStatus"": 101027877, ""ChatRoomId"": 0, ""HeadImgUrl"": ""/cgi-bin/mmwebwx-bin/webwxgeticon?seq=0&username=@061efd1171a4ef3d249d5599e5b324b628374c87f4a7842159ce8f8558940aad&chatroomid=@8607289cd75e59046f495527761625d4&skey="", ""MemberList"": [], ""RemarkName"": """", ""StarFriend"": 0, ""VerifyFlag"": 0, ""ContactFlag"": 0, ""DisplayName"": ""Iris, NetShaker, Founder"", ""MemberCount"": 0, ""MemberStatus"": 0, ""AppAccountFlag"": 0, ""EncryChatRoomId"": ""@8607289cd75e59046f495527761625d4"", ""RemarkPYInitial"": """", ""RemarkPYQuanPin"": """", ""HideInputBarFlag"": 0}]","è¿™ä¸ªè¦çš„æœ‰å¤šæ€¥","Text","Jenny 3@ masterqun.com",NULL,NULL,"1524596057",NULL,NULL
"Wilson_netshaker","æµ·ä¼¦Helen","[{""Sex"": 2, ""Uin"": 0, ""City"": """", ""Alias"": """", ""IsOwner"": 0, ""KeyWord"": ""hel"", ""SnsFlag"": 177, ""Statues"": 0, ""NickName"": ""æµ·ä¼¦Helen"", ""OwnerUin"": 0, ""Province"": """", ""UserName"": ""@1005a56c91c9fa882bf40ff54f18697c"", ""PYInitial"": ""HLHELEN"", ""PYQuanPin"": ""hailunHelen"", ""Signature"": ""çº¢å°˜åšä¼´ï¼Œæ½‡æ½‡æ´’æ´’"", ""UniFriend"": 0, ""AttrStatus"": 67182757, ""ChatRoomId"": 0, ""HeadImgUrl"": ""/cgi-bin/mmwebwx-bin/webwxgeticon?seq=0&username=@1005a56c91c9fa882bf40ff54f18697c&chatroomid=@8607289cd75e59046f495527761625d4&skey="", ""MemberList"": [], ""RemarkName"": """", ""StarFriend"": 0, ""VerifyFlag"": 0, ""ContactFlag"": 0, ""DisplayName"": """", ""MemberCount"": 0, ""MemberStatus"": 0, ""AppAccountFlag"": 0, ""EncryChatRoomId"": ""@8607289cd75e59046f495527761625d4"", ""RemarkPYInitial"": """", ""RemarkPYQuanPin"": """", ""HideInputBarFlag"": 0}]","è¶Šå¿«è¶Šå¥½ ","Text","Jenny 3@ masterqun.com",NULL,NULL,"1524596101",NULL,NULL
"Wilson_æ¸©èç§Ÿè½¦äºŒæ‰‹è´§","åœ¨å˜èƒ–","[{""Sex"": 1, ""Uin"": 0, ""City"": """", ""Alias"": """", ""IsOwner"": 0, ""KeyWord"": ""qdA"", ""SnsFlag"": 177, ""Statues"": 0, ""NickName"": ""åœ¨å˜èƒ–"", ""OwnerUin"": 0, ""Province"": """", ""UserName"": ""@5252432e71b146a9521feccd3e223303"", ""PYInitial"": ""ZBP"", ""PYQuanPin"": ""zaibianpan"", ""Signature"": """", ""UniFriend"": 0, ""AttrStatus"": 100903719, ""ChatRoomId"": 0, ""HeadImgUrl"": ""/cgi-bin/mmwebwx-bin/webwxgeticon?seq=0&username=@5252432e71b146a9521feccd3e223303&chatroomid=@122c523287dacbd17720c7f67140d09b&skey="", ""MemberList"": [], ""RemarkName"": """", ""StarFriend"": 0, ""VerifyFlag"": 0, ""ContactFlag"": 0, ""DisplayName"": """", ""MemberCount"": 0, ""MemberStatus"": 0, ""AppAccountFlag"": 0, ""EncryChatRoomId"": ""@122c523287dacbd17720c7f67140d09b"", ""RemarkPYInitial"": """", ""RemarkPYQuanPin"": """", ""HideInputBarFlag"": 0}]","æä¾›å‘¨äº”ä¸€æ—©å»å¤šä¼¦å¤šçš„å¡æ™®","Text","çå¦®6",NULL,NULL,"1524596351",NULL,NULL
"Wilson_æ˜é€šé©¾æ ¡","å°å®‰å­.","[{""Sex"": 2, ""Uin"": 0, ""City"": """", ""Alias"": """", ""IsOwner"": 0, ""KeyWord"": ""tan"", ""SnsFlag"": 49, ""Statues"": 0, ""NickName"": ""å°å®‰å­."", ""OwnerUin"": 0, ""Province"": """", ""UserName"": ""@6de0a1d8d6376c0a821bc2b7a377e055"", ""PYInitial"": ""XAZ"", ""PYQuanPin"": ""xiaoanzi"", ""Signature"": ""åˆ«é”™è¿‡å¹´è½»çš„ç–¯ç‹‚ï¼Œæ—¶å…‰å¾ˆåŒ†å¿™"", ""UniFriend"": 0, ""AttrStatus"": 128063, ""ChatRoomId"": 0, ""HeadImgUrl"": ""/cgi-bin/mmwebwx-bin/webwxgeticon?seq=0&username=@6de0a1d8d6376c0a821bc2b7a377e055&chatroomid=@69728941fdfefaf103c47e272a688610&skey="", ""MemberList"": [], ""RemarkName"": """", ""StarFriend"": 0, ""VerifyFlag"": 0, ""ContactFlag"": 0, ""DisplayName"": """", ""MemberCount"": 0, ""MemberStatus"": 0, ""AppAccountFlag"": 0, ""EncryChatRoomId"": ""@69728941fdfefaf103c47e272a688610"", ""RemarkPYInitial"": """", ""RemarkPYQuanPin"": """", ""HideInputBarFlag"": 0}]","æä¾›å‘¨å…­28å·ä¹ç‚¹åŠå¤šä¼¦å¤šå›æ¸©èå¡æ™®ï¼Œæ²¿è·¯å¯æ¥äººã€‚","Text","Jenny 7@ masterqun.com",NULL,NULL,"1524596726",NULL,NULL
"Wilson_æ¸©èæ— å¿§4","Downey","[{""Sex"": 1, ""Uin"": 0, ""City"": ""æœé˜³"", ""Alias"": """", ""IsOwner"": 0, ""KeyWord"": """", ""SnsFlag"": 1, ""Statues"": 0, ""NickName"": ""Downey"", ""OwnerUin"": 0, ""Province"": ""åŒ—äº¬"", ""UserName"": ""@8f0ef9ad54ad67116a8b6de43db80a1467800eeea910fc63bc49c263e592edea"", ""PYInitial"": ""DOWNEY"", ""PYQuanPin"": ""Downey"", ""Signature"": ""æˆ‘çš„æ„¿æœ›æ˜¯ä¸–ç•Œå’Œå¹³"", ""UniFriend"": 0, ""AttrStatus"": 233597, ""ChatRoomId"": 0, ""HeadImgUrl"": ""/cgi-bin/mmwebwx-bin/webwxgeticon?seq=0&username=@8f0ef9ad54ad67116a8b6de43db80a1467800eeea910fc63bc49c263e592edea&chatroomid=@f8b4d1077432b5c1802734c079dd126a&skey="", ""MemberList"": [], ""RemarkName"": """", ""StarFriend"": 0, ""VerifyFlag"": 0, ""ContactFlag"": 0, ""DisplayName"": """", ""MemberCount"": 0, ""MemberStatus"": 0, ""AppAccountFlag"": 0, ""EncryChatRoomId"": ""@f8b4d1077432b5c1802734c079dd126a"", ""RemarkPYInitial"": """", ""RemarkPYQuanPin"": """", ""HideInputBarFlag"": 0}]","æä¾›25å·ä¸Šåˆå‡ºå‘æ¸©èåˆ°å¤šä¼¦å¤šçš„carpool","Text","çå¦®1",NULL,NULL,"1524597247",NULL,NULL
"Wilson_æ˜é€šé©¾æ ¡","å‘¨æ•™ç»ƒ","[{""Sex"": 0, ""Uin"": 0, ""City"": """", ""Alias"": """", ""IsOwner"": 0, ""KeyWord"": """", ""SnsFlag"": 1, ""Statues"": 0, ""NickName"": ""å‘¨æ•™ç»ƒ"", ""OwnerUin"": 0, ""Province"": """", ""UserName"": ""@a3a94a6f0fafc0ec81faf92afe0ce6422caea119589e71f138ec473c1aa89bb7"", ""PYInitial"": ""ZJL"", ""PYQuanPin"": ""zhoujiaolian"", ""Signature"": """", ""UniFriend"": 0, ""AttrStatus"": 33918981, ""ChatRoomId"": 0, ""HeadImgUrl"": ""/cgi-bin/mmwebwx-bin/webwxgeticon?seq=666374585&username=@a3a94a6f0fafc0ec81faf92afe0ce6422caea119589e71f138ec473c1aa89bb7&skey="", ""MemberList"": [], ""RemarkName"": ""å‘¨æ•™ç»ƒ"", ""StarFriend"": 0, ""VerifyFlag"": 0, ""ContactFlag"": 3, ""DisplayName"": """", ""MemberCount"": 0, ""MemberStatus"": 0, ""AppAccountFlag"": 0, ""EncryChatRoomId"": ""@69728941fdfefaf103c47e272a688610"", ""RemarkPYInitial"": ""ZJL"", ""RemarkPYQuanPin"": ""zhoujiaolian"", ""HideInputBarFlag"": 0}]","ä¸€æ¬¡è¿‡Gæ­å–œğŸŠğŸŠğŸ‰ğŸ¾ï¸","Text","Jenny 7@ masterqun.com",NULL,NULL,"1524597407",NULL,NULL
"Wilson_æ˜é€šé©¾æ ¡","å‘¨æ•™ç»ƒ","[{""Sex"": 0, ""Uin"": 0, ""City"": """", ""Alias"": """", ""IsOwner"": 0, ""KeyWord"": """", ""SnsFlag"": 1, ""Statues"": 0, ""NickName"": ""å‘¨æ•™ç»ƒ"", ""OwnerUin"": 0, ""Province"": """", ""UserName"": ""@a3a94a6f0fafc0ec81faf92afe0ce6422caea119589e71f138ec473c1aa89bb7"", ""PYInitial"": ""ZJL"", ""PYQuanPin"": ""zhoujiaolian"", ""Signature"": """", ""UniFriend"": 0, ""AttrStatus"": 33918981, ""ChatRoomId"": 0, ""HeadImgUrl"": ""/cgi-bin/mmwebwx-bin/webwxgeticon?seq=666374585&username=@a3a94a6f0fafc0ec81faf92afe0ce6422caea119589e71f138ec473c1aa89bb7&skey="", ""MemberList"": [], ""RemarkName"": ""å‘¨æ•™ç»ƒ"", ""StarFriend"": 0, ""VerifyFlag"": 0, ""ContactFlag"": 3, ""DisplayName"": """", ""MemberCount"": 0, ""MemberStatus"": 0, ""AppAccountFlag"": 0, ""EncryChatRoomId"": ""@69728941fdfefaf103c47e272a688610"", ""RemarkPYInitial"": ""ZJL"", ""RemarkPYQuanPin"": ""zhoujiaolian"", ""HideInputBarFlag"": 0}]","1","Picture","Jenny 7@ masterqun.com",NULL,NULL,"1524597412",NULL,NULL
"Wilson_æ˜é€šé©¾æ ¡","å·«æ•™ç»ƒ","[{""Sex"": 0, ""Uin"": 0, ""City"": """", ""Alias"": """", ""IsOwner"": 0, ""KeyWord"": """", ""SnsFlag"": 17, ""Statues"": 0, ""NickName"": ""æ˜é€šé©¾æ ¡_å·«æ•™ç»ƒ"", ""OwnerUin"": 0, ""Province"": """", ""UserName"": ""@71f3f53b512db8a8b99108118b7a231236580aeb1b00b2583b11dcb8df5cb04a"", ""PYInitial"": ""MTJJWJL"", ""PYQuanPin"": ""mingtongjiajiaowujiaolian"", ""Signature"": ""æ˜é€šé©¾æ ¡ä¸€æ¸©èé¦–å®¶åäººé©¾æ ¡\nç”µè¯:519â€”257â€”8840"", ""UniFriend"": 0, ""AttrStatus"": 100926501, ""ChatRoomId"": 0, ""HeadImgUrl"": ""/cgi-bin/mmwebwx-bin/webwxgeticon?seq=0&username=@71f3f53b512db8a8b99108118b7a231236580aeb1b00b2583b11dcb8df5cb04a&chatroomid=@69728941fdfefaf103c47e272a688610&skey="", ""MemberList"": [], ""RemarkName"": """", ""StarFriend"": 0, ""VerifyFlag"": 0, ""ContactFlag"": 0, ""DisplayName"": ""å·«æ•™ç»ƒ"", ""MemberCount"": 0, ""MemberStatus"": 0, ""AppAccountFlag"": 0, ""EncryChatRoomId"": ""@69728941fdfefaf103c47e272a688610"", ""RemarkPYInitial"": """", ""RemarkPYQuanPin"": """", ""HideInputBarFlag"": 0}]","æ­å–œæ­å–œï¼","Text","Jenny 7@ masterqun.com",NULL,NULL,"1524597680",NULL,NULL
"Wilson_æ˜é€šé©¾æ ¡","å·«æ•™ç»ƒ","[{""Sex"": 0, ""Uin"": 0, ""City"": """", ""Alias"": """", ""IsOwner"": 0, ""KeyWord"": """", ""SnsFlag"": 17, ""Statues"": 0, ""NickName"": ""æ˜é€šé©¾æ ¡_å·«æ•™ç»ƒ"", ""OwnerUin"": 0, ""Province"": """", ""UserName"": ""@71f3f53b512db8a8b99108118b7a231236580aeb1b00b2583b11dcb8df5cb04a"", ""PYInitial"": ""MTJJWJL"", ""PYQuanPin"": ""mingtongjiajiaowujiaolian"", ""Signature"": ""æ˜é€šé©¾æ ¡ä¸€æ¸©èé¦–å®¶åäººé©¾æ ¡\nç”µè¯:519â€”257â€”8840"", ""UniFriend"": 0, ""AttrStatus"": 100926501, ""ChatRoomId"": 0, ""HeadImgUrl"": ""/cgi-bin/mmwebwx-bin/webwxgeticon?seq=0&username=@71f3f53b512db8a8b99108118b7a231236580aeb1b00b2583b11dcb8df5cb04a&chatroomid=@69728941fdfefaf103c47e272a688610&skey="", ""MemberList"": [], ""RemarkName"": """", ""StarFriend"": 0, ""VerifyFlag"": 0, ""ContactFlag"": 0, ""DisplayName"": ""å·«æ•™ç»ƒ"", ""MemberCount"": 0, ""MemberStatus"": 0, ""AppAccountFlag"": 0, ""EncryChatRoomId"": ""@69728941fdfefaf103c47e272a688610"", ""RemarkPYInitial"": """", ""RemarkPYQuanPin"": """", ""HideInputBarFlag"": 0}]","æ­å–œæ­å–œï¼","Text",NULL,"Jenny 7@ masterqun.com",NULL,"1524598178",NULL,NULL
"Wilson_æ˜é€šé©¾æ ¡","å·«æ•™ç»ƒ","[{""Sex"": 0, ""Uin"": 0, ""City"": """", ""Alias"": """", ""IsOwner"": 0, ""KeyWord"": """", ""SnsFlag"": 17, ""Statues"": 0, ""NickName"": ""æ˜é€šé©¾æ ¡_å·«æ•™ç»ƒ"", ""OwnerUin"": 0, ""Province"": """", ""UserName"": ""@71f3f53b512db8a8b99108118b7a231236580aeb1b00b2583b11dcb8df5cb04a"", ""PYInitial"": ""MTJJWJL"", ""PYQuanPin"": ""mingtongjiajiaowujiaolian"", ""Signature"": ""æ˜é€šé©¾æ ¡ä¸€æ¸©èé¦–å®¶åäººé©¾æ ¡\nç”µè¯:519â€”257â€”8840"", ""UniFriend"": 0, ""AttrStatus"": 100926501, ""ChatRoomId"": 0, ""HeadImgUrl"": ""/cgi-bin/mmwebwx-bin/webwxgeticon?seq=0&username=@71f3f53b512db8a8b99108118b7a231236580aeb1b00b2583b11dcb8df5cb04a&chatroomid=@69728941fdfefaf103c47e272a688610&skey="", ""MemberList"": [], ""RemarkName"": """", ""StarFriend"": 0, ""VerifyFlag"": 0, ""ContactFlag"": 0, ""DisplayName"": ""å·«æ•™ç»ƒ"", ""MemberCount"": 0, ""MemberStatus"": 0, ""AppAccountFlag"": 0, ""EncryChatRoomId"": ""@69728941fdfefaf103c47e272a688610"", ""RemarkPYInitial"": """", ""RemarkPYQuanPin"": """", ""HideInputBarFlag"": 0}]","æ­å–œæ­å–œï¼","Text",NULL,"Jenny 7@ masterqun.com",NULL,"1524598299",NULL,NULL
"Wilson_æˆ‘çš„æµ‹è¯•ç¾¤","è¯šå®çš„äºº","[{""Sex"": 2, ""Uin"": 0, ""City"": """", ""Alias"": """", ""IsOwner"": 0, ""KeyWord"": """", ""SnsFlag"": 1, ""Statues"": 0, ""NickName"": ""è¯šå®çš„äºº"", ""OwnerUin"": 0, ""Province"": ""London"", ""UserName"": ""@62e3823c8f8cc7bb4cb17a86c415599285d7ae2f7e7c1b1495f31c526f241a16"", ""PYInitial"": ""CSDR"", ""PYQuanPin"": ""chengshideren"", ""Signature"": ""ç¾ç³æ­£å“ä»£è´­ã€‚å‡çš„æˆ‘åƒ"", ""UniFriend"": 0, ""AttrStatus"": 33787941, ""ChatRoomId"": 0, ""HeadImgUrl"": ""/cgi-bin/mmwebwx-bin/webwxgeticon?seq=666386380&username=@62e3823c8f8cc7bb4cb17a86c415599285d7ae2f7e7c1b1495f31c526f241a16&skey="", ""MemberList"": [], ""RemarkName"": ""1-17065687-è¯šå®çš„äºº"", ""StarFriend"": 0, ""VerifyFlag"": 0, ""ContactFlag"": 3, ""DisplayName"": """", ""MemberCount"": 0, ""MemberStatus"": 0, ""AppAccountFlag"": 0, ""EncryChatRoomId"": ""@aa17d1eefa24b9776453d1b13f67d22c"", ""RemarkPYInitial"": ""117065687CSDR"", ""RemarkPYQuanPin"": ""117065687chengshideren"", ""HideInputBarFlag"": 0}]","å®è·µæ´»åŠ¨å°±ä¸é¥¿å¥½çœ‹","Text",NULL,"Jenny test",NULL,"1524598389",NULL,NULL
"Wilson_æˆ‘çš„æµ‹è¯•ç¾¤","è¯šå®çš„äºº","[{""Sex"": 2, ""Uin"": 0, ""City"": """", ""Alias"": """", ""IsOwner"": 0, ""KeyWord"": """", ""SnsFlag"": 1, ""Statues"": 0, ""NickName"": ""è¯šå®çš„äºº"", ""OwnerUin"": 0, ""Province"": ""London"", ""UserName"": ""@62e3823c8f8cc7bb4cb17a86c415599285d7ae2f7e7c1b1495f31c526f241a16"", ""PYInitial"": ""CSDR"", ""PYQuanPin"": ""chengshideren"", ""Signature"": ""ç¾ç³æ­£å“ä»£è´­ã€‚å‡çš„æˆ‘åƒ"", ""UniFriend"": 0, ""AttrStatus"": 33787941, ""ChatRoomId"": 0, ""HeadImgUrl"": ""/cgi-bin/mmwebwx-bin/webwxgeticon?seq=666386380&username=@62e3823c8f8cc7bb4cb17a86c415599285d7ae2f7e7c1b1495f31c526f241a16&skey="", ""MemberList"": [], ""RemarkName"": ""1-17065687-è¯šå®çš„äºº"", ""StarFriend"": 0, ""VerifyFlag"": 0, ""ContactFlag"": 3, ""DisplayName"": """", ""MemberCount"": 0, ""MemberStatus"": 0, ""AppAccountFlag"": 0, ""EncryChatRoomId"": ""@aa17d1eefa24b9776453d1b13f67d22c"", ""RemarkPYInitial"": ""117065687CSDR"", ""RemarkPYQuanPin"": ""117065687chengshideren"", ""HideInputBarFlag"": 0}]","å®è·µæ´»åŠ¨å°±ä¸é¥¿å¥½çœ‹","Text",NULL,"Jenny test",NULL,"1524598457",NULL,NULL
"Wilson_æˆ‘çš„æµ‹è¯•ç¾¤","è¯šå®çš„äºº","[{""Sex"": 2, ""Uin"": 0, ""City"": """", ""Alias"": """", ""IsOwner"": 0, ""KeyWord"": """", ""SnsFlag"": 1, ""Statues"": 0, ""NickName"": ""è¯šå®çš„äºº"", ""OwnerUin"": 0, ""Province"": ""London"", ""UserName"": ""@62e3823c8f8cc7bb4cb17a86c415599285d7ae2f7e7c1b1495f31c526f241a16"", ""PYInitial"": ""CSDR"", ""PYQuanPin"": ""chengshideren"", ""Signature"": ""ç¾ç³æ­£å“ä»£è´­ã€‚å‡çš„æˆ‘åƒ"", ""UniFriend"": 0, ""AttrStatus"": 33787941, ""ChatRoomId"": 0, ""HeadImgUrl"": ""/cgi-bin/mmwebwx-bin/webwxgeticon?seq=666386380&username=@62e3823c8f8cc7bb4cb17a86c415599285d7ae2f7e7c1b1495f31c526f241a16&skey="", ""MemberList"": [], ""RemarkName"": ""1-17065687-è¯šå®çš„äºº"", ""StarFriend"": 0, ""VerifyFlag"": 0, ""ContactFlag"": 3, ""DisplayName"": """", ""MemberCount"": 0, ""MemberStatus"": 0, ""AppAccountFlag"": 0, ""EncryChatRoomId"": ""@aa17d1eefa24b9776453d1b13f67d22c"", ""RemarkPYInitial"": ""117065687CSDR"", ""RemarkPYQuanPin"": ""117065687chengshideren"", ""HideInputBarFlag"": 0}]","æŠ½å¥–æˆ‘ä¸ä¼šå…ˆçœ‹ä¼šä¿¡å·ä¸å°±è¡Œå¤å­£äº¤å‰å£ç¨€ç½•å°±ä»","Text",NULL,"Jenny test",NULL,"1524598458",NULL,NULL
"Wilson_æˆ‘çš„æµ‹è¯•ç¾¤","è¯šå®çš„äºº","[{""Sex"": 2, ""Uin"": 0, ""City"": """", ""Alias"": """", ""IsOwner"": 0, ""KeyWord"": """", ""SnsFlag"": 1, ""Statues"": 0, ""NickName"": ""è¯šå®çš„äºº"", ""OwnerUin"": 0, ""Province"": ""London"", ""UserName"": ""@62e3823c8f8cc7bb4cb17a86c415599285d7ae2f7e7c1b1495f31c526f241a16"", ""PYInitial"": ""CSDR"", ""PYQuanPin"": ""chengshideren"", ""Signature"": ""ç¾ç³æ­£å“ä»£è´­ã€‚å‡çš„æˆ‘åƒ"", ""UniFriend"": 0, ""AttrStatus"": 33787941, ""ChatRoomId"": 0, ""HeadImgUrl"": ""/cgi-bin/mmwebwx-bin/webwxgeticon?seq=666386380&username=@62e3823c8f8cc7bb4cb17a86c415599285d7ae2f7e7c1b1495f31c526f241a16&skey="", ""MemberList"": [], ""RemarkName"": ""1-17065687-è¯šå®çš„äºº"", ""StarFriend"": 0, ""VerifyFlag"": 0, ""ContactFlag"": 3, ""DisplayName"": """", ""MemberCount"": 0, ""MemberStatus"": 0, ""AppAccountFlag"": 0, ""EncryChatRoomId"": ""@aa17d1eefa24b9776453d1b13f67d22c"", ""RemarkPYInitial"": ""117065687CSDR"", ""RemarkPYQuanPin"": ""117065687chengshideren"", ""HideInputBarFlag"": 0}]","1","Card",NULL,"Jenny test",NULL,"1524598487",NULL,NULL
"Wilson_æˆ‘çš„æµ‹è¯•ç¾¤","è¯šå®çš„äºº","[{""Sex"": 2, ""Uin"": 0, ""City"": """", ""Alias"": """", ""IsOwner"": 0, ""KeyWord"": """", ""SnsFlag"": 1, ""Statues"": 0, ""NickName"": ""è¯šå®çš„äºº"", ""OwnerUin"": 0, ""Province"": ""London"", ""UserName"": ""@62e3823c8f8cc7bb4cb17a86c415599285d7ae2f7e7c1b1495f31c526f241a16"", ""PYInitial"": ""CSDR"", ""PYQuanPin"": ""chengshideren"", ""Signature"": ""ç¾ç³æ­£å“ä»£è´­ã€‚å‡çš„æˆ‘åƒ"", ""UniFriend"": 0, ""AttrStatus"": 33787941, ""ChatRoomId"": 0, ""HeadImgUrl"": ""/cgi-bin/mmwebwx-bin/webwxgeticon?seq=666386380&username=@62e3823c8f8cc7bb4cb17a86c415599285d7ae2f7e7c1b1495f31c526f241a16&skey="", ""MemberList"": [], ""RemarkName"": ""1-17065687-è¯šå®çš„äºº"", ""StarFriend"": 0, ""VerifyFlag"": 0, ""ContactFlag"": 3, ""DisplayName"": """", ""MemberCount"": 0, ""MemberStatus"": 0, ""AppAccountFlag"": 0, ""EncryChatRoomId"": ""@aa17d1eefa24b9776453d1b13f67d22c"", ""RemarkPYInitial"": ""117065687CSDR"", ""RemarkPYQuanPin"": ""117065687chengshideren"", ""HideInputBarFlag"": 0}]","1","Picture",NULL,"Jenny test",NULL,"1524598506",NULL,NULL
"Wilson_æˆ‘çš„æµ‹è¯•ç¾¤","è¯šå®çš„äºº","[{""Sex"": 2, ""Uin"": 0, ""City"": """", ""Alias"": """", ""IsOwner"": 0, ""KeyWord"": """", ""SnsFlag"": 1, ""Statues"": 0, ""NickName"": ""è¯šå®çš„äºº"", ""OwnerUin"": 0, ""Province"": ""London"", ""UserName"": ""@62e3823c8f8cc7bb4cb17a86c415599285d7ae2f7e7c1b1495f31c526f241a16"", ""PYInitial"": ""CSDR"", ""PYQuanPin"": ""chengshideren"", ""Signature"": ""ç¾ç³æ­£å“ä»£è´­ã€‚å‡çš„æˆ‘åƒ"", ""UniFriend"": 0, ""AttrStatus"": 33787941, ""ChatRoomId"": 0, ""HeadImgUrl"": ""/cgi-bin/mmwebwx-bin/webwxgeticon?seq=666386380&username=@62e3823c8f8cc7bb4cb17a86c415599285d7ae2f7e7c1b1495f31c526f241a16&skey="", ""MemberList"": [], ""RemarkName"": ""1-17065687-è¯šå®çš„äºº"", ""StarFriend"": 0, ""VerifyFlag"": 0, ""ContactFlag"": 3, ""DisplayName"": """", ""MemberCount"": 0, ""MemberStatus"": 0, ""AppAccountFlag"": 0, ""EncryChatRoomId"": ""@aa17d1eefa24b9776453d1b13f67d22c"", ""RemarkPYInitial"": ""117065687CSDR"", ""RemarkPYQuanPin"": ""117065687chengshideren"", ""HideInputBarFlag"": 0}]","1","Recording",NULL,"Jenny test",NULL,"1524598533",NULL,NULL
"Wilson_æ¸©èæ— å¿§4","YiF","[{""Sex"": 1, ""Uin"": 0, ""City"": ""Toronto"", ""Alias"": """", ""IsOwner"": 0, ""KeyWord"": ""a34"", ""SnsFlag"": 49, ""Statues"": 0, ""NickName"": ""YiF"", ""OwnerUin"": 0, ""Province"": ""Ontario"", ""UserName"": ""@706fa7fc40403ae68058fee49a49d504"", ""PYInitial"": ""YIF"", ""PYQuanPin"": ""YiF"", ""Signature"": ""YiFï¼Œæ²¡æœ‰å¦‚æœ"", ""UniFriend"": 0, ""AttrStatus"": 2147586087, ""ChatRoomId"": 0, ""HeadImgUrl"": ""/cgi-bin/mmwebwx-bin/webwxgeticon?seq=0&username=@706fa7fc40403ae68058fee49a49d504&chatroomid=@f8b4d1077432b5c1802734c079dd126a&skey="", ""MemberList"": [], ""RemarkName"": """", ""StarFriend"": 0, ""VerifyFlag"": 0, ""ContactFlag"": 0, ""DisplayName"": """", ""MemberCount"": 0, ""MemberStatus"": 0, ""AppAccountFlag"": 0, ""EncryChatRoomId"": ""@f8b4d1077432b5c1802734c079dd126a"", ""RemarkPYInitial"": """", ""RemarkPYQuanPin"": """", ""HideInputBarFlag"": 0}]","å“¦","Text",NULL,"çå¦®1",NULL,"1524598654",NULL,NULL
"Wilson_auto","Jim","[{""Sex"": 1, ""Uin"": 0, ""City"": """", ""Alias"": """", ""IsOwner"": 0, ""KeyWord"": """", ""SnsFlag"": 17, ""Statues"": 0, ""NickName"": ""èŒƒæ­£å¹³"", ""OwnerUin"": 0, ""Province"": ""Toronto"", ""UserName"": ""@94c0e20cf734277738a6d8944f2ec79ef5247650c1e7d50f674b8cad06b53fe3"", ""PYInitial"": ""FZP"", ""PYQuanPin"": ""fanzhengping"", ""Signature"": ""æœ€åè®©å†°æº¶è§£çš„ä¸€å®šæ˜¯æ˜¥å¤©"", ""UniFriend"": 0, ""AttrStatus"": 67475559, ""ChatRoomId"": 0, ""HeadImgUrl"": ""/cgi-bin/mmwebwx-bin/webwxgeticon?seq=0&username=@94c0e20cf734277738a6d8944f2ec79ef5247650c1e7d50f674b8cad06b53fe3&chatroomid=@42bcbd1c36ab77fd7ae0838b0eff674d&skey="", ""MemberList"": [], ""RemarkName"": """", ""StarFriend"": 0, ""VerifyFlag"": 0, ""ContactFlag"": 0, ""DisplayName"": ""Jim"", ""MemberCount"": 0, ""MemberStatus"": 0, ""AppAccountFlag"": 0, ""EncryChatRoomId"": ""@42bcbd1c36ab77fd7ae0838b0eff674d"", ""RemarkPYInitial"": """", ""RemarkPYQuanPin"": """", ""HideInputBarFlag"": 0}]","é¢å¯¹ç½ªçŠ¯æŒ¥èˆæ‰‹ä¸­çš„æ‰‹æªï¼Œé‚£ä¸ªè­¦å‘˜å†’ç€å±é™©ï¼Œå†·é™å¤„ç†è¿™äº‹ï¼ŒæŠ“ä½äº†ç½ªçŠ¯ï¼Œå€¼å¾—ç§°èµğŸ‘ - è¿™ç§æƒ…å†µå¯èƒ½å¯ä»¥ä¸€æªæ¯™äº†é‚£ä¸ªç½ªçŠ¯ã€‚ä½†æ˜¯æŠ“ä½ä»–æ›´å¥½ï¼Œå¯ä»¥äº†è§£ä¸ºä»€ä¹ˆä»–è¦è¿™ä¹ˆåš","Text",NULL,"çå¦®å°ç‹—",NULL,"1524599309",NULL,NULL
"Wilson_æ˜é€šé©¾æ ¡","å¡¬","[{""Sex"": 1, ""Uin"": 0, ""City"": ""è¥¿å®‰"", ""Alias"": """", ""IsOwner"": 0, ""KeyWord"": ""tlt"", ""SnsFlag"": 49, ""Statues"": 0, ""NickName"": ""å¡¬"", ""OwnerUin"": 0, ""Province"": ""é™•è¥¿"", ""UserName"": ""@8c0402bb9061dc848eb38015f96eb12f"", ""PYInitial"": ""Y"", ""PYQuanPin"": ""yuan"", ""Signature"": """", ""UniFriend"": 0, ""AttrStatus"": 33634919, ""ChatRoomId"": 0, ""HeadImgUrl"": ""/cgi-bin/mmwebwx-bin/webwxgeticon?seq=0&username=@8c0402bb9061dc848eb38015f96eb12f&chatroomid=@69728941fdfefaf103c47e272a688610&skey="", ""MemberList"": [], ""RemarkName"": """", ""StarFriend"": 0, ""VerifyFlag"": 0, ""ContactFlag"": 0, ""DisplayName"": """", ""MemberCount"": 0, ""MemberStatus"": 0, ""AppAccountFlag"": 0, ""EncryChatRoomId"": ""@69728941fdfefaf103c47e272a688610"", ""RemarkPYInitial"": """", ""RemarkPYQuanPin"": """", ""HideInputBarFlag"": 0}]","å‘¨æ•™ç»ƒæ•™çš„å¥½[å‘²ç‰™]","Text",NULL,"Jenny 7@ masterqun.com",NULL,"1524599446",NULL,NULL
"Wilson_æ¸©èæ— å¿§2","éŠ˜éŠ˜","[{""Sex"": 1, ""Uin"": 0, ""City"": ""æµ·æ·€"", ""Alias"": """", ""IsOwner"": 0, ""KeyWord"": ""fan"", ""SnsFlag"": 49, ""Statues"": 0, ""NickName"": ""éŠ˜éŠ˜"", ""OwnerUin"": 0, ""Province"": ""åŒ—äº¬"", ""UserName"": ""@8dba18c7a2b8e590e47d5c72245df150"", ""PYInitial"": ""MM"", ""PYQuanPin"": ""mingming"", ""Signature"": """", ""UniFriend"": 0, ""AttrStatus"": 67212707, ""ChatRoomId"": 0, ""HeadImgUrl"": ""/cgi-bin/mmwebwx-bin/webwxgeticon?seq=0&username=@8dba18c7a2b8e590e47d5c72245df150&chatroomid=@4f4836bb48109892cd7c0dff41fff0c1&skey="", ""MemberList"": [], ""RemarkName"": """", ""StarFriend"": 0, ""VerifyFlag"": 0, ""ContactFlag"": 0, ""DisplayName"": """", ""MemberCount"": 0, ""MemberStatus"": 0, ""AppAccountFlag"": 0, ""EncryChatRoomId"": ""@4f4836bb48109892cd7c0dff41fff0c1"", ""RemarkPYInitial"": """", ""RemarkPYQuanPin"": """", ""HideInputBarFlag"": 0}]","æä¾›æ˜å¤©ä¸­åˆå»å¤šä¼¦å¤šçš„carpool","Text",NULL,"çå¦®5",NULL,"1524599588",NULL,NULL
"Wilson_auto","çˆ»","[{""Sex"": 1, ""Uin"": 0, ""City"": """", ""Alias"": """", ""IsOwner"": 0, ""KeyWord"": ""fea"", ""SnsFlag"": 49, ""Statues"": 0, ""NickName"": ""çˆ»"", ""OwnerUin"": 0, ""Province"": ""Toronto"", ""UserName"": ""@26ecc483883567a9dad118306b0cd61c"", ""PYInitial"": ""Y"", ""PYQuanPin"": ""yao"", ""Signature"": ""Where'd you wanna go?  How much you wanna risk?"", ""UniFriend"": 0, ""AttrStatus"": 67213479, ""ChatRoomId"": 0, ""HeadImgUrl"": ""/cgi-bin/mmwebwx-bin/webwxgeticon?seq=0&username=@26ecc483883567a9dad118306b0cd61c&chatroomid=@42bcbd1c36ab77fd7ae0838b0eff674d&skey="", ""MemberList"": [], ""RemarkName"": """", ""StarFriend"": 0, ""VerifyFlag"": 0, ""ContactFlag"": 0, ""DisplayName"": """", ""MemberCount"": 0, ""MemberStatus"": 0, ""AppAccountFlag"": 0, ""EncryChatRoomId"": ""@42bcbd1c36ab77fd7ae0838b0eff674d"", ""RemarkPYInitial"": """", ""RemarkPYQuanPin"": """", ""HideInputBarFlag"": 0}]","æ²¡æœ‰æ‰‹æª","Text",NULL,"çå¦®å°ç‹—",NULL,"1524599633",NULL,NULL
"Wilson_netshaker","Iris, NetShaker, Founder","[{""Sex"": 2, ""Uin"": 0, ""City"": """", ""Alias"": """", ""IsOwner"": 0, ""KeyWord"": """", ""SnsFlag"": 49, ""Statues"": 0, ""NickName"": ""Irissssss"", ""OwnerUin"": 0, ""Province"": """", ""UserName"": ""@061efd1171a4ef3d249d5599e5b324b628374c87f4a7842159ce8f8558940aad"", ""PYInitial"": ""IRISSSSSS"", ""PYQuanPin"": ""Irissssss"", ""Signature"": ""å¥½å‹é‚€è¯·è¯·æ³¨æ˜æ·»åŠ ç†ç”±"", ""UniFriend"": 0, ""AttrStatus"": 101027877, ""ChatRoomId"": 0, ""HeadImgUrl"": ""/cgi-bin/mmwebwx-bin/webwxgeticon?seq=0&username=@061efd1171a4ef3d249d5599e5b324b628374c87f4a7842159ce8f8558940aad&chatroomid=@8607289cd75e59046f495527761625d4&skey="", ""MemberList"": [], ""RemarkName"": """", ""StarFriend"": 0, ""VerifyFlag"": 0, ""ContactFlag"": 0, ""DisplayName"": ""Iris, NetShaker, Founder"", ""MemberCount"": 0, ""MemberStatus"": 0, ""AppAccountFlag"": 0, ""EncryChatRoomId"": ""@8607289cd75e59046f495527761625d4"", ""RemarkPYInitial"": """", ""RemarkPYQuanPin"": """", ""HideInputBarFlag"": 0}]","å¹¿å‘Šæ‹›æ¼”å‘˜å•¦ï½ ä¼šéœ€è¦ä¸€ä½å¥³æ€§è§’è‰²å’Œä¸¤ä½ç”·æ€§è§’è‰²ï¼è¿™æ¬¡å¹¿å‘Šå°†ä¼šç™»ä¸ŠCineplexï¼Œæœ‰å…´è¶£çš„æœ‹å‹ä»¬èµ¶ç´§æŠ¥åè¯•é•œå§ï¼Œåé¢æœ‰é™ï¼å¤§å®¶å¯ä»¥å…ˆå…³æ³¨Food Hwyè¿™ä¸ªå…¬ä¼—å·ç„¶åç‚¹å‡»â€Casting Callâ€å°±ä¼šçœ‹åˆ°è¯¦ç»†ä¿¡æ¯ï½ æœ‰é—®é¢˜çš„æœ‹å‹å¯ä»¥ç›´æ¥æ¥é—®æˆ‘[æœºæ™º] ã€‚29å·ä¼šåœ¨mississaugaè¯•é•œï¼Œ6å·ä¼šåœ¨dtè¯•é•œ, 5.12å·åœ¨å¯†è¥¿æ²™åŠ æ‹æ‘„ æ—¶é—´æ˜¯6pm-6am ","Text",NULL,"Jenny 3@ masterqun.com",NULL,"1524599766",NULL,NULL
"Wilson_netshaker","Iris, NetShaker, Founder","[{""Sex"": 2, ""Uin"": 0, ""City"": """", ""Alias"": """", ""IsOwner"": 0, ""KeyWord"": """", ""SnsFlag"": 49, ""Statues"": 0, ""NickName"": ""Irissssss"", ""OwnerUin"": 0, ""Province"": """", ""UserName"": ""@061efd1171a4ef3d249d5599e5b324b628374c87f4a7842159ce8f8558940aad"", ""PYInitial"": ""IRISSSSSS"", ""PYQuanPin"": ""Irissssss"", ""Signature"": ""å¥½å‹é‚€è¯·è¯·æ³¨æ˜æ·»åŠ ç†ç”±"", ""UniFriend"": 0, ""AttrStatus"": 101027877, ""ChatRoomId"": 0, ""HeadImgUrl"": ""/cgi-bin/mmwebwx-bin/webwxgeticon?seq=0&username=@061efd1171a4ef3d249d5599e5b324b628374c87f4a7842159ce8f8558940aad&chatroomid=@8607289cd75e59046f495527761625d4&skey="", ""MemberList"": [], ""RemarkName"": """", ""StarFriend"": 0, ""VerifyFlag"": 0, ""ContactFlag"": 0, ""DisplayName"": ""Iris, NetShaker, Founder"", ""MemberCount"": 0, ""MemberStatus"": 0, ""AppAccountFlag"": 0, ""EncryChatRoomId"": ""@8607289cd75e59046f495527761625d4"", ""RemarkPYInitial"": """", ""RemarkPYQuanPin"": """", ""HideInputBarFlag"": 0}]","Casting Callâ€”Food Hwyåœ†ä½ çº¢æ¯¯æ˜Ÿæ¢¦","Sharing",NULL,"Jenny 3@ masterqun.com",NULL,"1524599772",NULL,NULL
"Wilson_netshaker","Iris, NetShaker, Founder","[{""Sex"": 2, ""Uin"": 0, ""City"": """", ""Alias"": """", ""IsOwner"": 0, ""KeyWord"": """", ""SnsFlag"": 49, ""Statues"": 0, ""NickName"": ""Irissssss"", ""OwnerUin"": 0, ""Province"": """", ""UserName"": ""@061efd1171a4ef3d249d5599e5b324b628374c87f4a7842159ce8f8558940aad"", ""PYInitial"": ""IRISSSSSS"", ""PYQuanPin"": ""Irissssss"", ""Signature"": ""å¥½å‹é‚€è¯·è¯·æ³¨æ˜æ·»åŠ ç†ç”±"", ""UniFriend"": 0, ""AttrStatus"": 101027877, ""ChatRoomId"": 0, ""HeadImgUrl"": ""/cgi-bin/mmwebwx-bin/webwxgeticon?seq=0&username=@061efd1171a4ef3d249d5599e5b324b628374c87f4a7842159ce8f8558940aad&chatroomid=@8607289cd75e59046f495527761625d4&skey="", ""MemberList"": [], ""RemarkName"": """", ""StarFriend"": 0, ""VerifyFlag"": 0, ""ContactFlag"": 0, ""DisplayName"": ""Iris, NetShaker, Founder"", ""MemberCount"": 0, ""MemberStatus"": 0, ""AppAccountFlag"": 0, ""EncryChatRoomId"": ""@8607289cd75e59046f495527761625d4"", ""RemarkPYInitial"": """", ""RemarkPYQuanPin"": """", ""HideInputBarFlag"": 0}]","æœ‰é—®é¢˜çš„äº²å¯ä»¥æ¥é—®æˆ‘æˆ–è€…@JamesPengâ€°â­•â€…","Text",NULL,"Jenny 3@ masterqun.com",NULL,"1524599932",NULL,NULL
"Wilson_æ¸©èæ— å¿§2","æ¯å‘¨å¾€è¿” 416-357-6965","[{""Sex"": 1, ""Uin"": 0, ""City"": """", ""Alias"": """", ""IsOwner"": 0, ""KeyWord"": ""wai"", ""SnsFlag"": 177, ""Statues"": 0, ""NickName"": ""æŒ¨åƒçš„"", ""OwnerUin"": 0, ""Province"": """", ""UserName"": ""@f1d734311eb9b6c016adfe331db9e769880c40ef1de19ce5c4e9d351b8d5a2a5"", ""PYInitial"": ""ACD"", ""PYQuanPin"": ""aichide"", ""Signature"": ""æ½œå¿ƒç»ƒç´ã€‚"", ""UniFriend"": 0, ""AttrStatus"": 100768039, ""ChatRoomId"": 0, ""HeadImgUrl"": ""/cgi-bin/mmwebwx-bin/webwxgeticon?seq=0&username=@f1d734311eb9b6c016adfe331db9e769880c40ef1de19ce5c4e9d351b8d5a2a5&chatroomid=@4f4836bb48109892cd7c0dff41fff0c1&skey="", ""MemberList"": [], ""RemarkName"": """", ""StarFriend"": 0, ""VerifyFlag"": 0, ""ContactFlag"": 0, ""DisplayName"": ""æ¯å‘¨å¾€è¿” 416-357-6965"", ""MemberCount"": 0, ""MemberStatus"": 0, ""AppAccountFlag"": 0, ""EncryChatRoomId"": ""@4f4836bb48109892cd7c0dff41fff0c1"", ""RemarkPYInitial"": """", ""RemarkPYQuanPin"": """", ""HideInputBarFlag"": 0}]","æä¾›CarpoolğŸš™:

4æœˆ26æ—¥æ˜ŸæœŸå››ï¼Œ æ¸©èâ¡å¤šä¼¦å¤šï¼Œä¸‹åˆä¸‰ç‚¹ç¦»å¼€æ¸©èã€‚

4æœˆ29æ—¥æ˜ŸæœŸæ—¥ï¼Œå¤šä¼¦å¤šâ¡æ¸©èï¼Œå‚æ™šå‡ºå‘ã€‚

å®½æ•SUV,   å¯ä»¥æ¥é€æœºåœºã€‚
416-357-6965","Text",NULL,"çå¦®5",NULL,"1524599948",NULL,NULL
"Wilson_netshaker","JamesPengâ€°â­•","[{""Sex"": 1, ""Uin"": 0, ""City"": ""Mississauga"", ""Alias"": """", ""IsOwner"": 0, ""KeyWord"": ""Jam"", ""SnsFlag"": 49, ""Statues"": 0, ""NickName"": ""JamesPengâ€°â­•"", ""OwnerUin"": 0, ""Province"": ""Ontario"", ""UserName"": ""@1d04451f285c1f6b1423a495ec181a6f"", ""PYInitial"": ""JAMESPENGSPANCLASSEMOJIEMOJI2B55SPAN"", ""PYQuanPin"": ""JamesPengspanclassemojiemoji2b55span"", ""Signature"": ""Wisdom Chokes You"", ""UniFriend"": 0, ""AttrStatus"": 71676007, ""ChatRoomId"": 0, ""HeadImgUrl"": ""/cgi-bin/mmwebwx-bin/webwxgeticon?seq=0&username=@1d04451f285c1f6b1423a495ec181a6f&chatroomid=@8607289cd75e59046f495527761625d4&skey="", ""MemberList"": [], ""RemarkName"": """", ""StarFriend"": 0, ""VerifyFlag"": 0, ""ContactFlag"": 0, ""DisplayName"": """", ""MemberCount"": 0, ""MemberStatus"": 0, ""AppAccountFlag"": 0, ""EncryChatRoomId"": ""@8607289cd75e59046f495527761625d4"", ""RemarkPYInitial"": """", ""RemarkPYQuanPin"": """", ""HideInputBarFlag"": 0}]","æˆ‘æ˜¯è¿™ä¸ªå¹¿å‘Šçš„co-directorï¼Œæœ‰å…´è¶£çš„æœ‹å‹æ¬¢è¿æ¥è¯•é•œ[å‘²ç‰™]æœ‰ä»€ä¹ˆé—®é¢˜ä¹Ÿå¯ä»¥éšæ—¶æ¥é—®æˆ‘ä»¬","Text","robot-1","Jenny 3@ masterqun.com",NULL,"1524600086",NULL,NULL
"Wilson_æˆ‘çš„æµ‹è¯•ç¾¤","è¯šå®çš„äºº","[{""Sex"": 2, ""Uin"": 0, ""City"": """", ""Alias"": """", ""IsOwner"": 0, ""KeyWord"": """", ""SnsFlag"": 1, ""Statues"": 0, ""NickName"": ""è¯šå®çš„äºº"", ""OwnerUin"": 0, ""Province"": ""London"", ""UserName"": ""@62e3823c8f8cc7bb4cb17a86c415599285d7ae2f7e7c1b1495f31c526f241a16"", ""PYInitial"": ""CSDR"", ""PYQuanPin"": ""chengshideren"", ""Signature"": ""ç¾ç³æ­£å“ä»£è´­ã€‚å‡çš„æˆ‘åƒ"", ""UniFriend"": 0, ""AttrStatus"": 33787941, ""ChatRoomId"": 0, ""HeadImgUrl"": ""/cgi-bin/mmwebwx-bin/webwxgeticon?seq=666386380&username=@62e3823c8f8cc7bb4cb17a86c415599285d7ae2f7e7c1b1495f31c526f241a16&skey="", ""MemberList"": [], ""RemarkName"": ""1-17065687-è¯šå®çš„äºº"", ""StarFriend"": 0, ""VerifyFlag"": 0, ""ContactFlag"": 3, ""DisplayName"": """", ""MemberCount"": 0, ""MemberStatus"": 0, ""AppAccountFlag"": 0, ""EncryChatRoomId"": ""@aa17d1eefa24b9776453d1b13f67d22c"", ""RemarkPYInitial"": ""117065687CSDR"", ""RemarkPYQuanPin"": ""117065687chengshideren"", ""HideInputBarFlag"": 0}]","ä¸Šæ¬¡é˜¿èƒ¶å–å–œé…’å§","Text","robot-1","Jenny test",NULL,"1524600087",NULL,NULL
"Wilson_æˆ‘çš„æµ‹è¯•ç¾¤","è¯šå®çš„äºº","[{""Sex"": 2, ""Uin"": 0, ""City"": """", ""Alias"": """", ""IsOwner"": 0, ""KeyWord"": """", ""SnsFlag"": 1, ""Statues"": 0, ""NickName"": ""è¯šå®çš„äºº"", ""OwnerUin"": 0, ""Province"": ""London"", ""UserName"": ""@62e3823c8f8cc7bb4cb17a86c415599285d7ae2f7e7c1b1495f31c526f241a16"", ""PYInitial"": ""CSDR"", ""PYQuanPin"": ""chengshideren"", ""Signature"": ""ç¾ç³æ­£å“ä»£è´­ã€‚å‡çš„æˆ‘åƒ"", ""UniFriend"": 0, ""AttrStatus"": 33787941, ""ChatRoomId"": 0, ""HeadImgUrl"": ""/cgi-bin/mmwebwx-bin/webwxgeticon?seq=666386380&username=@62e3823c8f8cc7bb4cb17a86c415599285d7ae2f7e7c1b1495f31c526f241a16&skey="", ""MemberList"": [], ""RemarkName"": ""1-17065687-è¯šå®çš„äºº"", ""StarFriend"": 0, ""VerifyFlag"": 0, ""ContactFlag"": 3, ""DisplayName"": """", ""MemberCount"": 0, ""MemberStatus"": 0, ""AppAccountFlag"": 0, ""EncryChatRoomId"": ""@aa17d1eefa24b9776453d1b13f67d22c"", ""RemarkPYInitial"": ""117065687CSDR"", ""RemarkPYQuanPin"": ""117065687chengshideren"", ""HideInputBarFlag"": 0}]","èŒä¸­äººä½“","Text","robot-1","Jenny test",NULL,"1524600090",NULL,NULL
"Wilson_æ¸©èæ— å¿§2","é™æ°´æµæ·±","[{""Sex"": 2, ""Uin"": 0, ""City"": ""è¥¿åŸ"", ""Alias"": """", ""IsOwner"": 0, ""KeyWord"": ""xix"", ""SnsFlag"": 49, ""Statues"": 0, ""NickName"": ""é™æ°´æµæ·±"", ""OwnerUin"": 0, ""Province"": ""åŒ—äº¬"", ""UserName"": ""@8352d8bab1485ca0b490b1579b6fcad2"", ""PYInitial"": ""JSLS"", ""PYQuanPin"": ""jingshuiliushen"", ""Signature"": """", ""UniFriend"": 0, ""AttrStatus"": 67306495, ""ChatRoomId"": 0, ""HeadImgUrl"": ""/cgi-bin/mmwebwx-bin/webwxgeticon?seq=0&username=@8352d8bab1485ca0b490b1579b6fcad2&chatroomid=@4f4836bb48109892cd7c0dff41fff0c1&skey="", ""MemberList"": [], ""RemarkName"": """", ""StarFriend"": 0, ""VerifyFlag"": 0, ""ContactFlag"": 0, ""DisplayName"": """", ""MemberCount"": 0, ""MemberStatus"": 0, ""AppAccountFlag"": 0, ""EncryChatRoomId"": ""@4f4836bb48109892cd7c0dff41fff0c1"", ""RemarkPYInitial"": """", ""RemarkPYQuanPin"": """", ""HideInputBarFlag"": 0}]","1","Picture","robot-1","çå¦®5",NULL,"1524600201",NULL,NULL
"April19_approved","sub0206-ass0409-dip0413-app0420","[{""Sex"": 2, ""Uin"": 0, ""City"": ""Hamilton"", ""Alias"": """", ""IsOwner"": 0, ""KeyWord"": """", ""SnsFlag"": 49, ""Statues"": 0, ""NickName"": ""é’®å—’è ¡"", ""OwnerUin"": 0, ""Province"": ""Ontario"", ""UserName"": ""@7e2d18b430fcb7d12d4915667db46557a90e4ebbe204c62712a5feabc4e90a3b"", ""PYInitial"": ""NDL"", ""PYQuanPin"": ""niudali"", ""Signature"": ""<span class=\""emoji emoji1f478\""></span>ğŸ»"", ""UniFriend"": 0, ""AttrStatus"": 104703, ""ChatRoomId"": 0, ""HeadImgUrl"": ""/cgi-bin/mmwebwx-bin/webwxgeticon?seq=667126066&username=@7e2d18b430fcb7d12d4915667db46557a90e4ebbe204c62712a5feabc4e90a3b&skey="", ""MemberList"": [], ""RemarkName"": """", ""StarFriend"": 0, ""VerifyFlag"": 0, ""ContactFlag"": 3, ""DisplayName"": ""sub0206-ass0409-dip0413-app0420"", ""MemberCount"": 0, ""MemberStatus"": 0, ""AppAccountFlag"": 0, ""EncryChatRoomId"": ""@d1eefb71af5bf76748b4667ad9bf80c7"", ""RemarkPYInitial"": """", ""RemarkPYQuanPin"": """", ""HideInputBarFlag"": 0}]","@å“¦â€¢â€…æˆ‘å’‹æ²¡æ”¶åˆ°","Text","robot-1","çå¦®æ®µ",NULL,"1524600458",NULL,NULL
"April19_approved","sub0206-ass0409-dip0413-app0420","[{""Sex"": 2, ""Uin"": 0, ""City"": ""Hamilton"", ""Alias"": """", ""IsOwner"": 0, ""KeyWord"": """", ""SnsFlag"": 49, ""Statues"": 0, ""NickName"": ""é’®å—’è ¡"", ""OwnerUin"": 0, ""Province"": ""Ontario"", ""UserName"": ""@7e2d18b430fcb7d12d4915667db46557a90e4ebbe204c62712a5feabc4e90a3b"", ""PYInitial"": ""NDL"", ""PYQuanPin"": ""niudali"", ""Signature"": ""<span class=\""emoji emoji1f478\""></span>ğŸ»"", ""UniFriend"": 0, ""AttrStatus"": 104703, ""ChatRoomId"": 0, ""HeadImgUrl"": ""/cgi-bin/mmwebwx-bin/webwxgeticon?seq=667126066&username=@7e2d18b430fcb7d12d4915667db46557a90e4ebbe204c62712a5feabc4e90a3b&skey="", ""MemberList"": [], ""RemarkName"": """", ""StarFriend"": 0, ""VerifyFlag"": 0, ""ContactFlag"": 3, ""DisplayName"": ""sub0206-ass0409-dip0413-app0420"", ""MemberCount"": 0, ""MemberStatus"": 0, ""AppAccountFlag"": 0, ""EncryChatRoomId"": ""@d1eefb71af5bf76748b4667ad9bf80c7"", ""RemarkPYInitial"": """", ""RemarkPYQuanPin"": """", ""HideInputBarFlag"": 0}]","1","Picture","robot-1","çå¦®æ®µ",NULL,"1524600460",NULL,NULL
"April19_approved","sub0206-ass0409-dip0413-app0420","[{""Sex"": 2, ""Uin"": 0, ""City"": ""Hamilton"", ""Alias"": """", ""IsOwner"": 0, ""KeyWord"": """", ""SnsFlag"": 49, ""Statues"": 0, ""NickName"": ""é’®å—’è ¡"", ""OwnerUin"": 0, ""Province"": ""Ontario"", ""UserName"": ""@7e2d18b430fcb7d12d4915667db46557a90e4ebbe204c62712a5feabc4e90a3b"", ""PYInitial"": ""NDL"", ""PYQuanPin"": ""niudali"", ""Signature"": ""<span class=\""emoji emoji1f478\""></span>ğŸ»"", ""UniFriend"": 0, ""AttrStatus"": 104703, ""ChatRoomId"": 0, ""HeadImgUrl"": ""/cgi-bin/mmwebwx-bin/webwxgeticon?seq=667126066&username=@7e2d18b430fcb7d12d4915667db46557a90e4ebbe204c62712a5feabc4e90a3b&skey="", ""MemberList"": [], ""RemarkName"": """", ""StarFriend"": 0, ""VerifyFlag"": 0, ""ContactFlag"": 3, ""DisplayName"": ""sub0206-ass0409-dip0413-app0420"", ""MemberCount"": 0, ""MemberStatus"": 0, ""AppAccountFlag"": 0, ""EncryChatRoomId"": ""@d1eefb71af5bf76748b4667ad9bf80c7"", ""RemarkPYInitial"": """", ""RemarkPYQuanPin"": """", ""HideInputBarFlag"": 0}]","æ‹…å¿ƒ","Text","robot-1","çå¦®æ®µ",NULL,"1524600462",NULL,NULL
"April19_approved","sub0206-ass0409-dip0413-app0420","[{""Sex"": 2, ""Uin"": 0, ""City"": ""Hamilton"", ""Alias"": """", ""IsOwner"": 0, ""KeyWord"": """", ""SnsFlag"": 49, ""Statues"": 0, ""NickName"": ""é’®å—’è ¡"", ""OwnerUin"": 0, ""Province"": ""Ontario"", ""UserName"": ""@7e2d18b430fcb7d12d4915667db46557a90e4ebbe204c62712a5feabc4e90a3b"", ""PYInitial"": ""NDL"", ""PYQuanPin"": ""niudali"", ""Signature"": ""<span class=\""emoji emoji1f478\""></span>ğŸ»"", ""UniFriend"": 0, ""AttrStatus"": 104703, ""ChatRoomId"": 0, ""HeadImgUrl"": ""/cgi-bin/mmwebwx-bin/webwxgeticon?seq=667126066&username=@7e2d18b430fcb7d12d4915667db46557a90e4ebbe204c62712a5feabc4e90a3b&skey="", ""MemberList"": [], ""RemarkName"": """", ""StarFriend"": 0, ""VerifyFlag"": 0, ""ContactFlag"": 3, ""DisplayName"": ""sub0206-ass0409-dip0413-app0420"", ""MemberCount"": 0, ""MemberStatus"": 0, ""AppAccountFlag"": 0, ""EncryChatRoomId"": ""@d1eefb71af5bf76748b4667ad9bf80c7"", ""RemarkPYInitial"": """", ""RemarkPYQuanPin"": """", ""HideInputBarFlag"": 0}]","æˆ‘ç­‰å›å¤","Text","robot-1","çå¦®æ®µ",NULL,"1524600465",NULL,NULL
"Wilson_auto","ğŸ„Teemoæœ‰æ¯’ğŸ„","[{""Sex"": 2, ""Uin"": 0, ""City"": """", ""Alias"": """", ""IsOwner"": 0, ""KeyWord"": """", ""SnsFlag"": 49, ""Statues"": 0, ""NickName"": ""ğŸ„Teemoæœ‰æ¯’ğŸ„"", ""OwnerUin"": 0, ""Province"": """", ""UserName"": ""@76962988528096b248faddfaabf2cf30e5e7bf9f575432cf44e261b3bbe10bdc"", ""PYInitial"": ""?TEEMOYD?"", ""PYQuanPin"": ""?Teemoyoudu?"", ""Signature"": """", ""UniFriend"": 0, ""AttrStatus"": 67174503, ""ChatRoomId"": 0, ""HeadImgUrl"": ""/cgi-bin/mmwebwx-bin/webwxgeticon?seq=0&username=@76962988528096b248faddfaabf2cf30e5e7bf9f575432cf44e261b3bbe10bdc&chatroomid=@42bcbd1c36ab77fd7ae0838b0eff674d&skey="", ""MemberList"": [], ""RemarkName"": """", ""StarFriend"": 0, ""VerifyFlag"": 0, ""ContactFlag"": 0, ""DisplayName"": """", ""MemberCount"": 0, ""MemberStatus"": 0, ""AppAccountFlag"": 0, ""EncryChatRoomId"": ""@42bcbd1c36ab77fd7ae0838b0eff674d"", ""RemarkPYInitial"": """", ""RemarkPYQuanPin"": """", ""HideInputBarFlag"": 0}]","ä»Šå¤©çš„å«Œç–‘çŠ¯èµ„æ–™å¯ä»¥åœ¨FACEBOOKä¸Šæ‰¾åˆ°ï¼ŒAlek Minassianï¼Œä»é»å·´å«©æ¥çš„å™åˆ©äºšéš¾æ°‘ï¼šAlek Minassian, is the ""suspect"" who ran over & killed over 10 people and injuring many others. Arrived from Lebanon 6 months ago, devout Muslim, his facebook says from ""Aleppo Syria""ã€‚ç±³çº³å¸Œå®‰æ˜¨å¤©ä¸‹åˆ1æ—¶è®¸ï¼Œé©¾è½¦ç‹‚æ’å¤šä¼¦å¤šåè£”ç­‰äºšè£”èšé›†çš„åŒ—çº¦å…‹é—¹åŒºã€‚å‰åå¤§çº¦25åˆ†é’Ÿå†…ï¼Œé€ æˆ10äººæ­»äº¡ã€15äººå—ä¼¤ã€‚è­¦æ–¹èµ¶åˆ°ç°åœºåï¼Œç±³çº³å¸Œå®‰ä¸€åº¦æ‰‹æŒç±»ä¼¼æªæçš„ç‰©ä»¶ä¸ä¸€åè­¦å‘˜å¯¹å³™ï¼Œä½†ä»–å¾ˆå¿«å°±ä¸¢å¼ƒæ‰‹ä¸­ç‰©ä»¶ï¼ŒæŸæ‰‹å°±æ“’ã€‚","Text","robot-1","çå¦®å°ç‹—",NULL,"1524600777",NULL,NULL
"Wilson_æ¸©èæ— å¿§2","Ngk Studio","[{""Sex"": 1, ""Uin"": 0, ""City"": """", ""Alias"": """", ""IsOwner"": 0, ""KeyWord"": """", ""SnsFlag"": 17, ""Statues"": 0, ""NickName"": ""Brian R."", ""OwnerUin"": 0, ""Province"": """", ""UserName"": ""@809c345c198815f3761ad3bc775f6eb2af35d03269471bdba817f7d5201cbd3f"", ""PYInitial"": ""BRIANR"", ""PYQuanPin"": ""BrianR"", ""Signature"": ""Make it Right"", ""UniFriend"": 0, ""AttrStatus"": 102564261, ""ChatRoomId"": 0, ""HeadImgUrl"": ""/cgi-bin/mmwebwx-bin/webwxgeticon?seq=0&username=@809c345c198815f3761ad3bc775f6eb2af35d03269471bdba817f7d5201cbd3f&chatroomid=@4f4836bb48109892cd7c0dff41fff0c1&skey="", ""MemberList"": [], ""RemarkName"": """", ""StarFriend"": 0, ""VerifyFlag"": 0, ""ContactFlag"": 0, ""DisplayName"": ""Ngk Studio"", ""MemberCount"": 0, ""MemberStatus"": 0, ""AppAccountFlag"": 0, ""EncryChatRoomId"": ""@4f4836bb48109892cd7c0dff41fff0c1"", ""RemarkPYInitial"": """", ""RemarkPYQuanPin"": """", ""HideInputBarFlag"": 0}]","æä¾›ï¼šå‘¨äº”27å·æ—©ä¸Šå…­ç‚¹æ¸©èâ¡å¤šä¼¦å¤šcarpool å‘¨äº”27å·ä¸‹åˆå››ç‚¹å¤šä¼¦å¤šâ¡æ¸©è ","Text","robot-1","çå¦®5",NULL,"1524601012",NULL,NULL
"Wilson_æ¸©èæ— å¿§3","Ngk Studio","[{""Sex"": 1, ""Uin"": 0, ""City"": """", ""Alias"": """", ""IsOwner"": 0, ""KeyWord"": """", ""SnsFlag"": 17, ""Statues"": 0, ""NickName"": ""Brian R."", ""OwnerUin"": 0, ""Province"": """", ""UserName"": ""@809c345c198815f3761ad3bc775f6eb2af35d03269471bdba817f7d5201cbd3f"", ""PYInitial"": ""BRIANR"", ""PYQuanPin"": ""BrianR"", ""Signature"": ""Make it Right"", ""UniFriend"": 0, ""AttrStatus"": 102564261, ""ChatRoomId"": 0, ""HeadImgUrl"": ""/cgi-bin/mmwebwx-bin/webwxgeticon?seq=0&username=@809c345c198815f3761ad3bc775f6eb2af35d03269471bdba817f7d5201cbd3f&chatroomid=@b3140a747e9f1d4947487ad617cd8cfb&skey="", ""MemberList"": [], ""RemarkName"": """", ""StarFriend"": 0, ""VerifyFlag"": 0, ""ContactFlag"": 0, ""DisplayName"": ""Ngk Studio"", ""MemberCount"": 0, ""MemberStatus"": 0, ""AppAccountFlag"": 0, ""EncryChatRoomId"": ""@b3140a747e9f1d4947487ad617cd8cfb"", ""RemarkPYInitial"": """", ""RemarkPYQuanPin"": """", ""HideInputBarFlag"": 0}]","æä¾›ï¼šå‘¨äº”27å·æ—©ä¸Šå…­ç‚¹æ¸©èâ¡å¤šä¼¦å¤šcarpool å‘¨äº”27å·ä¸‹åˆå››ç‚¹å¤šä¼¦å¤šâ¡æ¸©è ","Text","robot-1","çå¦®4",NULL,"1524601018",NULL,NULL
"Wilson_æˆ¿ä¸œç½‘","é™é™åº·","[{""Sex"": 0, ""Uin"": 0, ""City"": """", ""Alias"": """", ""IsOwner"": 0, ""KeyWord"": """", ""SnsFlag"": 0, ""Statues"": 0, ""NickName"": ""é™é™åº·"", ""OwnerUin"": 0, ""Province"": """", ""UserName"": ""@771c1ef24253e00cdc0ae0c3cc31238ef5b7bc8a345f3db2bf26bc54b12a0648"", ""PYInitial"": ""JJK"", ""PYQuanPin"": ""jingjingkang"", ""Signature"": """", ""UniFriend"": 0, ""AttrStatus"": 33558565, ""ChatRoomId"": 0, ""HeadImgUrl"": ""/cgi-bin/mmwebwx-bin/webwxgeticon?seq=0&username=@771c1ef24253e00cdc0ae0c3cc31238ef5b7bc8a345f3db2bf26bc54b12a0648&chatroomid=@a9a42382782e512ec259681b5e1b2eed&skey="", ""MemberList"": [], ""RemarkName"": """", ""StarFriend"": 0, ""VerifyFlag"": 0, ""ContactFlag"": 0, ""DisplayName"": """", ""MemberCount"": 0, ""MemberStatus"": 0, ""AppAccountFlag"": 0, ""EncryChatRoomId"": ""@a9a42382782e512ec259681b5e1b2eed"", ""RemarkPYInitial"": """", ""RemarkPYQuanPin"": """", ""HideInputBarFlag"": 0}]","@ç”œå¿ƒå¨æˆ¿,ä½ è¿™ä¸ªè·Ÿæˆ‘é‚£æˆ¿å®¢çš„æƒ…å†µå·®ä¸å¤š","Text","robot-1","çå¦®å§",NULL,"1524601303",NULL,NULL
"Wilson_æ¸©èæ— å¿§2","X.        ğŸ‹","[{""Sex"": 1, ""Uin"": 0, ""City"": ""æˆéƒ½"", ""Alias"": """", ""IsOwner"": 0, ""KeyWord"": """", ""SnsFlag"": 1, ""Statues"": 0, ""NickName"": ""X.        ğŸ‹"", ""OwnerUin"": 0, ""Province"": ""å››å·"", ""UserName"": ""@2ed5c89d4eabf918d9eeb8274211f61575449ef6c6344e2cf3ecc23a83696681"", ""PYInitial"": ""X?"", ""PYQuanPin"": ""X?"", ""Signature"": ""æ­¤æ—¶ä½ åˆåœ¨æ»‘æ‰‹æœºäº†ï¼ï¼Ÿï¼ï¼Ÿæ‰‹æœºè¯´: leave me alone."", ""UniFriend"": 0, ""AttrStatus"": 33921829, ""ChatRoomId"": 0, ""HeadImgUrl"": ""/cgi-bin/mmwebwx-bin/webwxgeticon?seq=0&username=@2ed5c89d4eabf918d9eeb8274211f61575449ef6c6344e2cf3ecc23a83696681&chatroomid=@4f4836bb48109892cd7c0dff41fff0c1&skey="", ""MemberList"": [], ""RemarkName"": """", ""StarFriend"": 0, ""VerifyFlag"": 0, ""ContactFlag"": 0, ""DisplayName"": """", ""MemberCount"": 0, ""MemberStatus"": 0, ""AppAccountFlag"": 0, ""EncryChatRoomId"": ""@4f4836bb48109892cd7c0dff41fff0c1"", ""RemarkPYInitial"": """", ""RemarkPYQuanPin"": """", ""HideInputBarFlag"": 0}]","æ±‚ä¸ªcarpool å»taka ","Text","robot-1","çå¦®5",NULL,"1524601562",NULL,NULL
"Wilson_æ¸©èæ— å¿§2","Terryå¼ åŠå›¢é˜Ÿ-æ¸©èåœ°äº§å›½ç²¤è¯­æœåŠ¡","[{""Sex"": 0, ""Uin"": 0, ""City"": """", ""Alias"": """", ""IsOwner"": 0, ""KeyWord"": """", ""SnsFlag"": 1, ""Statues"": 0, ""NickName"": ""Terryå¼ åŠå›¢é˜Ÿ-æ¸©èåœ°äº§å›½ç²¤è¯­æœåŠ¡"", ""OwnerUin"": 0, ""Province"": ""Windsor"", ""UserName"": ""@f5fdb248bf25cbc63f42d64206ea5fdcc7db55e8a18d33fdd7e15bc68e448c54"", ""PYInitial"": ""TERRYZJTDWSDCGYYFW"", ""PYQuanPin"": ""Terryzhangjituanduiwenshadechanguoyueyufuwu"", ""Signature"": """", ""UniFriend"": 0, ""AttrStatus"": 102405, ""ChatRoomId"": 0, ""HeadImgUrl"": ""/cgi-bin/mmwebwx-bin/webwxgeticon?seq=0&username=@f5fdb248bf25cbc63f42d64206ea5fdcc7db55e8a18d33fdd7e15bc68e448c54&chatroomid=@4f4836bb48109892cd7c0dff41fff0c1&skey="", ""MemberList"": [], ""RemarkName"": """", ""StarFriend"": 0, ""VerifyFlag"": 0, ""ContactFlag"": 0, ""DisplayName"": """", ""MemberCount"": 0, ""MemberStatus"": 0, ""AppAccountFlag"": 0, ""EncryChatRoomId"": ""@4f4836bb48109892cd7c0dff41fff0c1"", ""RemarkPYInitial"": """", ""RemarkPYQuanPin"": """", ""HideInputBarFlag"": 0}]","å‡èŒäº†ï¼Ÿ","Text","robot-1","çå¦®5",NULL,"1524601843",NULL,NULL
"Wilson_æ¸©èæ— å¿§2","Terryå¼ åŠå›¢é˜Ÿ-æ¸©èåœ°äº§å›½ç²¤è¯­æœåŠ¡","[{""Sex"": 0, ""Uin"": 0, ""City"": """", ""Alias"": """", ""IsOwner"": 0, ""KeyWord"": """", ""SnsFlag"": 1, ""Statues"": 0, ""NickName"": ""Terryå¼ åŠå›¢é˜Ÿ-æ¸©èåœ°äº§å›½ç²¤è¯­æœåŠ¡"", ""OwnerUin"": 0, ""Province"": ""Windsor"", ""UserName"": ""@f5fdb248bf25cbc63f42d64206ea5fdcc7db55e8a18d33fdd7e15bc68e448c54"", ""PYInitial"": ""TERRYZJTDWSDCGYYFW"", ""PYQuanPin"": ""Terryzhangjituanduiwenshadechanguoyueyufuwu"", ""Signature"": """", ""UniFriend"": 0, ""AttrStatus"": 102405, ""ChatRoomId"": 0, ""HeadImgUrl"": ""/cgi-bin/mmwebwx-bin/webwxgeticon?seq=0&username=@f5fdb248bf25cbc63f42d64206ea5fdcc7db55e8a18d33fdd7e15bc68e448c54&chatroomid=@4f4836bb48109892cd7c0dff41fff0c1&skey="", ""MemberList"": [], ""RemarkName"": """", ""StarFriend"": 0, ""VerifyFlag"": 0, ""ContactFlag"": 0, ""DisplayName"": """", ""MemberCount"": 0, ""MemberStatus"": 0, ""AppAccountFlag"": 0, ""EncryChatRoomId"": ""@4f4836bb48109892cd7c0dff41fff0c1"", ""RemarkPYInitial"": """", ""RemarkPYQuanPin"": """", ""HideInputBarFlag"": 0}]","1","Note","robot-1","çå¦®5",NULL,"1524601849",NULL,NULL
"Wilson_ä¼˜å“å›¢è´­","anna ï½ğŸ‡¨ğŸ‡¦","[{""Sex"": 2, ""Uin"": 0, ""City"": """", ""Alias"": """", ""IsOwner"": 0, ""KeyWord"": """", ""SnsFlag"": 49, ""Statues"": 0, ""NickName"": ""anna ï½ğŸ‡¨ğŸ‡¦"", ""OwnerUin"": 0, ""Province"": """", ""UserName"": ""@b9be85de366926c3ac0a2bd1c939a7aab7146c93603984679df8281921e35ecf"", ""PYInitial"": ""ANNA??"", ""PYQuanPin"": ""anna??"", ""Signature"": """", ""UniFriend"": 0, ""AttrStatus"": 101024253, ""ChatRoomId"": 0, ""HeadImgUrl"": ""/cgi-bin/mmwebwx-bin/webwxgeticon?seq=667126829&username=@b9be85de366926c3ac0a2bd1c939a7aab7146c93603984679df8281921e35ecf&skey="", ""MemberList"": [], ""RemarkName"": """", ""StarFriend"": 0, ""VerifyFlag"": 0, ""ContactFlag"": 3, ""DisplayName"": """", ""MemberCount"": 0, ""MemberStatus"": 0, ""AppAccountFlag"": 0, ""EncryChatRoomId"": ""@af46fdfd237cd996bc1b88604f7e43b2"", ""RemarkPYInitial"": """", ""RemarkPYQuanPin"": """", ""HideInputBarFlag"": 0}]","@èŠâ€…ä¸å¥½æ„æ€[å®³ç¾]å’Œæœ‹å‹çº¦äº†äº‹æƒ… ä»Šå¤©åœ¨å¤–è¾¹ æ‰å›æ¥ã€‚ä½ çš„å¸½å­è®¢äº†ï¼Œåæ¥å•†å®¶æ¥é‚®ä»¶è¯´æš‚æ—¶æ²¡è´§ï¼Œæˆ‘åœ¨å¸®ä½ ä¸€ç›´ç›¯ç€å‘¢ï¼Œå¦‚æœæœ‰è´§æ¥ç€è®¢[æ„‰å¿«] åˆšåˆšå›æ¥åˆæŸ¥äº†ä¸€ä¸‹ å¥½åƒç°åœ¨å®˜ç½‘ä¸Šæœ‰è´§å•¦[èƒœåˆ©]è¿˜æœ‰å…¶ä»–é¢œè‰² æˆ‘ä¸€ä¼šå„¿å†ç™»å‡ºæ¥ä¾›å¤§å®¶é€‰æ‹©","Text","robot-1","çå¦®ä¹°å–",NULL,"1524602433",NULL,NULL
"Wilson_æ˜é€šé©¾æ ¡","Jin","[{""Sex"": 1, ""Uin"": 0, ""City"": ""å¤ªåŸ"", ""Alias"": """", ""IsOwner"": 0, ""KeyWord"": """", ""SnsFlag"": 17, ""Statues"": 0, ""NickName"": ""Jin"", ""OwnerUin"": 0, ""Province"": ""å±±è¥¿"", ""UserName"": ""@9ec3a858a1a064274c22d486aca5c299726300c45f39e394d30b00c4466345a6"", ""PYInitial"": ""JIN"", ""PYQuanPin"": ""Jin"", ""Signature"": """", ""UniFriend"": 0, ""AttrStatus"": 33655271, ""ChatRoomId"": 0, ""HeadImgUrl"": ""/cgi-bin/mmwebwx-bin/webwxgeticon?seq=0&username=@9ec3a858a1a064274c22d486aca5c299726300c45f39e394d30b00c4466345a6&chatroomid=@69728941fdfefaf103c47e272a688610&skey="", ""MemberList"": [], ""RemarkName"": """", ""StarFriend"": 0, ""VerifyFlag"": 0, ""ContactFlag"": 0, ""DisplayName"": """", ""MemberCount"": 0, ""MemberStatus"": 0, ""AppAccountFlag"": 0, ""EncryChatRoomId"": ""@69728941fdfefaf103c47e272a688610"", ""RemarkPYInitial"": """", ""RemarkPYQuanPin"": """", ""HideInputBarFlag"": 0}]","2005å¹´å°¼æ¡‘Altima 2.5s +18.5ä¸‡å…¬é‡Œ  æ²¡æ¯›ç—…  å› å›å›½è¶…ä½ä»·å‡ºæ‰‹ï¼Œæœºä¼šéš¾å¾—ï¼Œæœ‰æ„å‘è¯·å¾®ä¿¡è”ç³»ï¼Œä»·æ ¼é¢è®®ï¼https://www.kijiji.ca/m-my-ads/active/1","Text","robot-1","Jenny 7@ masterqun.com",NULL,"1524602658",NULL,NULL
"Wilson_æ˜é€šé©¾æ ¡","Jin","[{""Sex"": 1, ""Uin"": 0, ""City"": ""å¤ªåŸ"", ""Alias"": """", ""IsOwner"": 0, ""KeyWord"": """", ""SnsFlag"": 17, ""Statues"": 0, ""NickName"": ""Jin"", ""OwnerUin"": 0, ""Province"": ""å±±è¥¿"", ""UserName"": ""@9ec3a858a1a064274c22d486aca5c299726300c45f39e394d30b00c4466345a6"", ""PYInitial"": ""JIN"", ""PYQuanPin"": ""Jin"", ""Signature"": """", ""UniFriend"": 0, ""AttrStatus"": 33655271, ""ChatRoomId"": 0, ""HeadImgUrl"": ""/cgi-bin/mmwebwx-bin/webwxgeticon?seq=0&username=@9ec3a858a1a064274c22d486aca5c299726300c45f39e394d30b00c4466345a6&chatroomid=@69728941fdfefaf103c47e272a688610&skey="", ""MemberList"": [], ""RemarkName"": """", ""StarFriend"": 0, ""VerifyFlag"": 0, ""ContactFlag"": 0, ""DisplayName"": """", ""MemberCount"": 0, ""MemberStatus"": 0, ""AppAccountFlag"": 0, ""EncryChatRoomId"": ""@69728941fdfefaf103c47e272a688610"", ""RemarkPYInitial"": """", ""RemarkPYQuanPin"": """", ""HideInputBarFlag"": 0}]","1","Picture","robot-1","Jenny 7@ masterqun.com",NULL,"1524602758",NULL,NULL
"Wilson_æ¸©èæ— å¿§3","Andyå¤šå€«å¤šåœ¨ç¶«æ—…éŠ905-604-8843","[{""Sex"": 1, ""Uin"": 0, ""City"": ""Toronto"", ""Alias"": """", ""IsOwner"": 0, ""KeyWord"": """", ""SnsFlag"": 49, ""Statues"": 0, ""NickName"": ""Andyå¤šå€«å¤šåœ¨ç¶«æ—…éŠ905-604-8843"", ""OwnerUin"": 0, ""Province"": ""Ontario"", ""UserName"": ""@80eb7817a348c553a5f02d6192ee63fa0571baa364260e39ebfb34df4fe99c51"", ""PYInitial"": ""ANDYDLDZXLY9056048843"", ""PYQuanPin"": ""Andyduolunduozaixianlvyou9056048843"", ""Signature"": ""å¤å·´æ—…éŠé”äºº"", ""UniFriend"": 0, ""AttrStatus"": 2248511493, ""ChatRoomId"": 0, ""HeadImgUrl"": ""/cgi-bin/mmwebwx-bin/webwxgeticon?seq=0&username=@80eb7817a348c553a5f02d6192ee63fa0571baa364260e39ebfb34df4fe99c51&chatroomid=@b3140a747e9f1d4947487ad617cd8cfb&skey="", ""MemberList"": [], ""RemarkName"": """", ""StarFriend"": 0, ""VerifyFlag"": 0, ""ContactFlag"": 0, ""DisplayName"": """", ""MemberCount"": 0, ""MemberStatus"": 0, ""AppAccountFlag"": 0, ""EncryChatRoomId"": ""@b3140a747e9f1d4947487ad617cd8cfb"", ""RemarkPYInitial"": """", ""RemarkPYQuanPin"": """", ""HideInputBarFlag"": 0}]","ç¥é©¬ï¼Ÿ $1å«ç¨ä¸“äº«é•¿æ±Ÿä¸‰å³¡é«˜é“å¥¢åç³»åˆ—","Sharing","robot-1","çå¦®4",NULL,"1524602859",NULL,NULL
"Wilson_å°å¼å¤–å–","ä»²å¤","[{""Sex"": 1, ""Uin"": 0, ""City"": """", ""Alias"": """", ""IsOwner"": 0, ""KeyWord"": """", ""SnsFlag"": 1, ""Statues"": 0, ""NickName"": ""ä»²å¤"", ""OwnerUin"": 0, ""Province"": """", ""UserName"": ""@a1269afd0efc2343e9d4ba21690d86f800cc8c878261ead248dd9505e04a9c07"", ""PYInitial"": ""ZX"", ""PYQuanPin"": ""zhongxia"", ""Signature"": """", ""UniFriend"": 0, ""AttrStatus"": 100930085, ""ChatRoomId"": 0, ""HeadImgUrl"": ""/cgi-bin/mmwebwx-bin/webwxgeticon?seq=0&username=@a1269afd0efc2343e9d4ba21690d86f800cc8c878261ead248dd9505e04a9c07&chatroomid=@f7d301eee7a0606536ba2db0132bc295&skey="", ""MemberList"": [], ""RemarkName"": """", ""StarFriend"": 0, ""VerifyFlag"": 0, ""ContactFlag"": 0, ""DisplayName"": """", ""MemberCount"": 0, ""MemberStatus"": 0, ""AppAccountFlag"": 0, ""EncryChatRoomId"": ""@f7d301eee7a0606536ba2db0132bc295"", ""RemarkPYInitial"": """", ""RemarkPYQuanPin"": """", ""HideInputBarFlag"": 0}]","ç½—æ¸£å£«æ–°æ˜¥ç‰¹ä»·é«˜é€Ÿä¸Šç½‘ ç”µè§† ç”µè¯ æ™ºèƒ½æˆ¿å±‹å®‰ä¿ç›‘æ§ç³»ç»Ÿ - MyGoon","Sharing","robot-1","çå¦®å°çŒª",NULL,"1524603356",NULL,NULL
"Wilson_æ¸©èäº’åŠ©","Allen","[{""Sex"": 0, ""Uin"": 0, ""City"": ""Windsor"", ""Alias"": """", ""IsOwner"": 0, ""KeyWord"": """", ""SnsFlag"": 17, ""Statues"": 0, ""NickName"": ""Allen"", ""OwnerUin"": 0, ""Province"": ""Ontario"", ""UserName"": ""@93098059af49fa436dbc4507234d9683271a353138e3f8d604db92bee3b73b1b"", ""PYInitial"": ""ALLEN"", ""PYQuanPin"": ""Allen"", ""Signature"": """", ""UniFriend"": 0, ""AttrStatus"": 33804285, ""ChatRoomId"": 0, ""HeadImgUrl"": ""/cgi-bin/mmwebwx-bin/webwxgeticon?seq=638731261&username=@93098059af49fa436dbc4507234d9683271a353138e3f8d604db92bee3b73b1b&skey="", ""MemberList"": [], ""RemarkName"": """", ""StarFriend"": 0, ""VerifyFlag"": 0, ""ContactFlag"": 0, ""DisplayName"": """", ""MemberCount"": 0, ""MemberStatus"": 0, ""AppAccountFlag"": 0, ""EncryChatRoomId"": ""@573730cf16b2a86415fecd1be0e27ee8"", ""RemarkPYInitial"": """", ""RemarkPYQuanPin"": """", ""HideInputBarFlag"": 0}]","æä¾›æ¥é€
4æœˆ25æ—¥å‘¨ä¸‰å¤šä¼¦å¤šâ†’æ¸©èï¼Œä¸‹åˆ4ç‚¹
4æœˆ28æ—¥å‘¨å…­å¤šä¼¦å¤šâ†’æ¸©èï¼Œä¸‹åˆ4ç‚¹","Text","robot-1","çå¦®å°ç‰›",NULL,"1524603646",NULL,NULL
"Wilson_ä¼˜å“å›¢è´­","anna ï½ğŸ‡¨ğŸ‡¦","[{""Sex"": 2, ""Uin"": 0, ""City"": """", ""Alias"": """", ""IsOwner"": 0, ""KeyWord"": """", ""SnsFlag"": 49, ""Statues"": 0, ""NickName"": ""anna ï½ğŸ‡¨ğŸ‡¦"", ""OwnerUin"": 0, ""Province"": """", ""UserName"": ""@b9be85de366926c3ac0a2bd1c939a7aab7146c93603984679df8281921e35ecf"", ""PYInitial"": ""ANNA??"", ""PYQuanPin"": ""anna??"", ""Signature"": """", ""UniFriend"": 0, ""AttrStatus"": 101024253, ""ChatRoomId"": 0, ""HeadImgUrl"": ""/cgi-bin/mmwebwx-bin/webwxgeticon?seq=667126829&username=@b9be85de366926c3ac0a2bd1c939a7aab7146c93603984679df8281921e35ecf&skey="", ""MemberList"": [], ""RemarkName"": """", ""StarFriend"": 0, ""VerifyFlag"": 0, ""ContactFlag"": 3, ""DisplayName"": """", ""MemberCount"": 0, ""MemberStatus"": 0, ""AppAccountFlag"": 0, ""EncryChatRoomId"": ""@af46fdfd237cd996bc1b88604f7e43b2"", ""RemarkPYInitial"": """", ""RemarkPYQuanPin"": """", ""HideInputBarFlag"": 0}]","1","Picture","robot-1","çå¦®ä¹°å–",NULL,"1524604046",NULL,NULL
"Wilson_ä¼˜å“å›¢è´­","anna ï½ğŸ‡¨ğŸ‡¦","[{""Sex"": 2, ""Uin"": 0, ""City"": """", ""Alias"": """", ""IsOwner"": 0, ""KeyWord"": """", ""SnsFlag"": 49, ""Statues"": 0, ""NickName"": ""anna ï½ğŸ‡¨ğŸ‡¦"", ""OwnerUin"": 0, ""Province"": """", ""UserName"": ""@b9be85de366926c3ac0a2bd1c939a7aab7146c93603984679df8281921e35ecf"", ""PYInitial"": ""ANNA??"", ""PYQuanPin"": ""anna??"", ""Signature"": """", ""UniFriend"": 0, ""AttrStatus"": 101024253, ""ChatRoomId"": 0, ""HeadImgUrl"": ""/cgi-bin/mmwebwx-bin/webwxgeticon?seq=667126829&username=@b9be85de366926c3ac0a2bd1c939a7aab7146c93603984679df8281921e35ecf&skey="", ""MemberList"": [], ""RemarkName"": """", ""StarFriend"": 0, ""VerifyFlag"": 0, ""ContactFlag"": 3, ""DisplayName"": """", ""MemberCount"": 0, ""MemberStatus"": 0, ""AppAccountFlag"": 0, ""EncryChatRoomId"": ""@af46fdfd237cd996bc1b88604f7e43b2"", ""RemarkPYInitial"": """", ""RemarkPYQuanPin"": """", ""HideInputBarFlag"": 0}]","å„ä½å¥½ğŸ˜„å’±ä»¬è®¢çš„Snap æ¸…æ´äº§å“å·²ç»é™†ç»­åˆ°è´§å•¦[èƒœåˆ©]çº¦èµ·æ¥å–½[æ„‰å¿«]","Text","robot-1","çå¦®ä¹°å–",NULL,"1524604085",NULL,NULL
"Wilson_ç™¾äº‹é€šæ±‚èŒ","Lily-æ—…æ¸¸è¾¾äºº","[{""Sex"": 2, ""Uin"": 0, ""City"": """", ""Alias"": """", ""IsOwner"": 0, ""KeyWord"": """", ""SnsFlag"": 1, ""Statues"": 0, ""NickName"": ""Lily-æ—…æ¸¸è¾¾äºº"", ""OwnerUin"": 0, ""Province"": """", ""UserName"": ""@e782b820f24493ac97d585f9093d5cee8a45ed2c5f5a3440c4bb3bec72f16436"", ""PYInitial"": ""LILYLYDR"", ""PYQuanPin"": ""Lilylvyoudaren"", ""Signature"": """", ""UniFriend"": 0, ""AttrStatus"": 2181173543, ""ChatRoomId"": 0, ""HeadImgUrl"": ""/cgi-bin/mmwebwx-bin/webwxgeticon?seq=0&username=@e782b820f24493ac97d585f9093d5cee8a45ed2c5f5a3440c4bb3bec72f16436&chatroomid=@20dc86e2973c1d95d369b8e0b033be76&skey="", ""MemberList"": [], ""RemarkName"": """", ""StarFriend"": 0, ""VerifyFlag"": 0, ""ContactFlag"": 0, ""DisplayName"": """", ""MemberCount"": 0, ""MemberStatus"": 0, ""AppAccountFlag"": 0, ""EncryChatRoomId"": ""@20dc86e2973c1d95d369b8e0b033be76"", ""RemarkPYInitial"": """", ""RemarkPYQuanPin"": """", ""HideInputBarFlag"": 0}]","ğŸš€

å…¨çƒæ‹›å•† [å˜´å”‡] äº’è”ç½‘ç”Ÿæ„ 0æŠ•èµ„ 0é£é™©ï¼Œä¼šç”¨å¾®ä¿¡å°±å¯ä»¥ã€‚ğŸ’µ èµ é€åŠ æ‹¿å¤§ç§»æ°‘æœºä¼šï¼âœˆ

http://www.canadaso.com/services/service/2949","Text","robot-1","Jenny6 @ masterqun.com",NULL,"1524604301",NULL,NULL
"Wilson_æˆ¿ä¸œç½‘","jliu","[{""Sex"": 2, ""Uin"": 0, ""City"": ""Markham"", ""Alias"": """", ""IsOwner"": 0, ""KeyWord"": """", ""SnsFlag"": 17, ""Statues"": 0, ""NickName"": ""jliu"", ""OwnerUin"": 0, ""Province"": ""Ontario"", ""UserName"": ""@9329d8785906f2b028eb1e222abd891db7be4fb5a02f16354cfbeea694b3c13c"", ""PYInitial"": ""JLIU"", ""PYQuanPin"": ""jliu"", ""Signature"": """", ""UniFriend"": 0, ""AttrStatus"": 101552827, ""ChatRoomId"": 0, ""HeadImgUrl"": ""/cgi-bin/mmwebwx-bin/webwxgeticon?seq=0&username=@9329d8785906f2b028eb1e222abd891db7be4fb5a02f16354cfbeea694b3c13c&chatroomid=@a9a42382782e512ec259681b5e1b2eed&skey="", ""MemberList"": [], ""RemarkName"": """", ""StarFriend"": 0, ""VerifyFlag"": 0, ""ContactFlag"": 0, ""DisplayName"": """", ""MemberCount"": 0, ""MemberStatus"": 0, ""AppAccountFlag"": 0, ""EncryChatRoomId"": ""@a9a42382782e512ec259681b5e1b2eed"", ""RemarkPYInitial"": """", ""RemarkPYQuanPin"": """", ""HideInputBarFlag"": 0}]","æƒ³ä¹°ä¸ªfairview mallé™„è¿‘çš„condo.ç§Ÿå‡ºå»ï¼Œå„ä½çŸ¥é“é‚£ä¸ªåœ°æ®µå‡ºç§Ÿçš„æƒ…å†µå—ï¼Ÿ","Text","robot-1","çå¦®å§",NULL,"1524604467",NULL,NULL
"Wilson_æˆ¿ä¸œç½‘","jliu","[{""Sex"": 2, ""Uin"": 0, ""City"": ""Markham"", ""Alias"": """", ""IsOwner"": 0, ""KeyWord"": """", ""SnsFlag"": 17, ""Statues"": 0, ""NickName"": ""jliu"", ""OwnerUin"": 0, ""Province"": ""Ontario"", ""UserName"": ""@9329d8785906f2b028eb1e222abd891db7be4fb5a02f16354cfbeea694b3c13c"", ""PYInitial"": ""JLIU"", ""PYQuanPin"": ""jliu"", ""Signature"": """", ""UniFriend"": 0, ""AttrStatus"": 101552827, ""ChatRoomId"": 0, ""HeadImgUrl"": ""/cgi-bin/mmwebwx-bin/webwxgeticon?seq=0&username=@9329d8785906f2b028eb1e222abd891db7be4fb5a02f16354cfbeea694b3c13c&chatroomid=@a9a42382782e512ec259681b5e1b2eed&skey="", ""MemberList"": [], ""RemarkName"": """", ""StarFriend"": 0, ""VerifyFlag"": 0, ""ContactFlag"": 0, ""DisplayName"": """", ""MemberCount"": 0, ""MemberStatus"": 0, ""AppAccountFlag"": 0, ""EncryChatRoomId"": ""@a9a42382782e512ec259681b5e1b2eed"", ""RemarkPYInitial"": """", ""RemarkPYQuanPin"": """", ""HideInputBarFlag"": 0}]","å¦å¤–ï¼Œä¸‰ï¼Œå››åä¸‡ä»¥å†…èƒ½ä¹°åˆ°è¿™ä¸ªåœ°æ®µé™„è¿‘çš„condo å—","Text","robot-1","çå¦®å§",NULL,"1524604572",NULL,NULL
"Wilson_æˆ¿ä¸œç½‘","æˆ¿ä¸œç½‘ä¿¡æ¯","[{""Sex"": 0, ""Uin"": 0, ""City"": """", ""Alias"": """", ""IsOwner"": 0, ""KeyWord"": """", ""SnsFlag"": 1, ""Statues"": 0, ""NickName"": ""æˆ¿ä¸œç½‘ä¿¡æ¯"", ""OwnerUin"": 0, ""Province"": """", ""UserName"": ""@e9c36d42e7d75477cfa529f4b55ac3c04501ae774332a318ed57a08e7e6ca3c9"", ""PYInitial"": ""FDWXX"", ""PYQuanPin"": ""fangdongwangxinxi"", ""Signature"": """", ""UniFriend"": 0, ""AttrStatus"": 102661, ""ChatRoomId"": 0, ""HeadImgUrl"": ""/cgi-bin/mmwebwx-bin/webwxgeticon?seq=0&username=@e9c36d42e7d75477cfa529f4b55ac3c04501ae774332a318ed57a08e7e6ca3c9&chatroomid=@a9a42382782e512ec259681b5e1b2eed&skey="", ""MemberList"": [], ""RemarkName"": """", ""StarFriend"": 0, ""VerifyFlag"": 0, ""ContactFlag"": 0, ""DisplayName"": """", ""MemberCount"": 0, ""MemberStatus"": 0, ""AppAccountFlag"": 0, ""EncryChatRoomId"": ""@a9a42382782e512ec259681b5e1b2eed"", ""RemarkPYInitial"": """", ""RemarkPYQuanPin"": """", ""HideInputBarFlag"": 0}]","æˆ¿ä¸œç½‘ - åŠ æ‹¿å¤§é’å¹´å•ƒè€æ„ˆæ¼”æ„ˆçƒˆ å…¨ä¸–ç•Œéƒ½è¢«æˆ¿ä»·æ‰“è´¥ 04-24-2018","Sharing","robot-1","çå¦®å§",NULL,"1524604626",NULL,NULL
"Wilson_æˆ¿ä¸œç½‘","æˆ¿ä¸œç½‘ä¿¡æ¯","[{""Sex"": 0, ""Uin"": 0, ""City"": """", ""Alias"": """", ""IsOwner"": 0, ""KeyWord"": """", ""SnsFlag"": 1, ""Statues"": 0, ""NickName"": ""æˆ¿ä¸œç½‘ä¿¡æ¯"", ""OwnerUin"": 0, ""Province"": """", ""UserName"": ""@e9c36d42e7d75477cfa529f4b55ac3c04501ae774332a318ed57a08e7e6ca3c9"", ""PYInitial"": ""FDWXX"", ""PYQuanPin"": ""fangdongwangxinxi"", ""Signature"": """", ""UniFriend"": 0, ""AttrStatus"": 102661, ""ChatRoomId"": 0, ""HeadImgUrl"": ""/cgi-bin/mmwebwx-bin/webwxgeticon?seq=0&username=@e9c36d42e7d75477cfa529f4b55ac3c04501ae774332a318ed57a08e7e6ca3c9&chatroomid=@a9a42382782e512ec259681b5e1b2eed&skey="", ""MemberList"": [], ""RemarkName"": """", ""StarFriend"": 0, ""VerifyFlag"": 0, ""ContactFlag"": 0, ""DisplayName"": """", ""MemberCount"": 0, ""MemberStatus"": 0, ""AppAccountFlag"": 0, ""EncryChatRoomId"": ""@a9a42382782e512ec259681b5e1b2eed"", ""RemarkPYInitial"": """", ""RemarkPYQuanPin"": """", ""HideInputBarFlag"": 0}]","æˆ¿ä¸œç½‘ - ç»æµå­¦å®¶è¯´åŠ æ‹¿å¤§æˆ¿åœ°äº§å¸‚åœºç»ˆäºè§¦åº•äº†ï¼åˆšéœ€å¿«å…¥ï¼04-24-2018","Sharing","robot-1","çå¦®å§",NULL,"1524604632",NULL,NULL
"Wilson_æˆ¿ä¸œç½‘","æˆ¿ä¸œç½‘ä¿¡æ¯","[{""Sex"": 0, ""Uin"": 0, ""City"": """", ""Alias"": """", ""IsOwner"": 0, ""KeyWord"": """", ""SnsFlag"": 1, ""Statues"": 0, ""NickName"": ""æˆ¿ä¸œç½‘ä¿¡æ¯"", ""OwnerUin"": 0, ""Province"": """", ""UserName"": ""@e9c36d42e7d75477cfa529f4b55ac3c04501ae774332a318ed57a08e7e6ca3c9"", ""PYInitial"": ""FDWXX"", ""PYQuanPin"": ""fangdongwangxinxi"", ""Signature"": """", ""UniFriend"": 0, ""AttrStatus"": 102661, ""ChatRoomId"": 0, ""HeadImgUrl"": ""/cgi-bin/mmwebwx-bin/webwxgeticon?seq=0&username=@e9c36d42e7d75477cfa529f4b55ac3c04501ae774332a318ed57a08e7e6ca3c9&chatroomid=@a9a42382782e512ec259681b5e1b2eed&skey="", ""MemberList"": [], ""RemarkName"": """", ""StarFriend"": 0, ""VerifyFlag"": 0, ""ContactFlag"": 0, ""DisplayName"": """", ""MemberCount"": 0, ""MemberStatus"": 0, ""AppAccountFlag"": 0, ""EncryChatRoomId"": ""@a9a42382782e512ec259681b5e1b2eed"", ""RemarkPYInitial"": """", ""RemarkPYQuanPin"": """", ""HideInputBarFlag"": 0}]","æˆ¿ä¸œç½‘ - ä½ çš„å‡ºç§Ÿç‰©ä¸šï¼Œå“ª14é¡¹è´¹ç”¨èƒ½æŠµç¨ï¼Ÿ04-24-2018","Sharing","robot-1","çå¦®å§",NULL,"1524604638",NULL,NULL
"Wilson_æ¸©èæ— å¿§4","Cynthia","[{""Sex"": 2, ""Uin"": 0, ""City"": ""å¹¿å·"", ""Alias"": """", ""IsOwner"": 0, ""KeyWord"": """", ""SnsFlag"": 49, ""Statues"": 0, ""NickName"": ""CCCynthiağŸ"", ""OwnerUin"": 0, ""Province"": ""å¹¿ä¸œ"", ""UserName"": ""@af1caf0b823f2d3a8e8264824094e616c50eb803ea4fb7e3eec3c9fadcc10f22"", ""PYInitial"": ""CCCYNTHIA?"", ""PYQuanPin"": ""CCCynthia?"", ""Signature"": """", ""UniFriend"": 0, ""AttrStatus"": 101221, ""ChatRoomId"": 0, ""HeadImgUrl"": ""/cgi-bin/mmwebwx-bin/webwxgeticon?seq=0&username=@af1caf0b823f2d3a8e8264824094e616c50eb803ea4fb7e3eec3c9fadcc10f22&chatroomid=@f8b4d1077432b5c1802734c079dd126a&skey="", ""MemberList"": [], ""RemarkName"": """", ""StarFriend"": 0, ""VerifyFlag"": 0, ""ContactFlag"": 0, ""DisplayName"": ""Cynthia"", ""MemberCount"": 0, ""MemberStatus"": 0, ""AppAccountFlag"": 0, ""EncryChatRoomId"": ""@f8b4d1077432b5c1802734c079dd126a"", ""RemarkPYInitial"": """", ""RemarkPYQuanPin"": """", ""HideInputBarFlag"": 0}]","æä¾›30å·å¤šä¼¦å¤šå›æ¸©èçš„carpool ","Text","robot-1","çå¦®1",NULL,"1524604645",NULL,NULL
"Wilson_æˆ¿ä¸œç½‘","SEAN WANG","[{""Sex"": 1, ""Uin"": 0, ""City"": """", ""Alias"": """", ""IsOwner"": 0, ""KeyWord"": """", ""SnsFlag"": 1, ""Statues"": 0, ""NickName"": ""SEAN WANG"", ""OwnerUin"": 0, ""Province"": ""Toronto"", ""UserName"": ""@373dde1cca9251a368468f15070a30481aaeedf42b0a82055180f0a6a50d666b"", ""PYInitial"": ""SEANWANG"", ""PYQuanPin"": ""SEANWANG"", ""Signature"": """", ""UniFriend"": 0, ""AttrStatus"": 2181402919, ""ChatRoomId"": 0, ""HeadImgUrl"": ""/cgi-bin/mmwebwx-bin/webwxgeticon?seq=0&username=@373dde1cca9251a368468f15070a30481aaeedf42b0a82055180f0a6a50d666b&chatroomid=@a9a42382782e512ec259681b5e1b2eed&skey="", ""MemberList"": [], ""RemarkName"": """", ""StarFriend"": 0, ""VerifyFlag"": 0, ""ContactFlag"": 0, ""DisplayName"": """", ""MemberCount"": 0, ""MemberStatus"": 0, ""AppAccountFlag"": 0, ""EncryChatRoomId"": ""@a9a42382782e512ec259681b5e1b2eed"", ""RemarkPYInitial"": """", ""RemarkPYQuanPin"": """", ""HideInputBarFlag"": 0}]","@jliuâ€…å¯ä»¥ã€‚æ‰¾ä¸ªé è°±ç»çºªå¸®æ‚¨å‚è°‹ã€‚","Text","robot-1","çå¦®å§",NULL,"1524604651",NULL,NULL
"Wilson_auto","ğŸ ê¯­ G ê¯­ A ê¯­ G ê¯­ C ê¯­ ğŸ’¨","[{""Sex"": 1, ""Uin"": 0, ""City"": """", ""Alias"": """", ""IsOwner"": 0, ""KeyWord"": ""hug"", ""SnsFlag"": 17, ""Statues"": 0, ""NickName"": ""ğŸ ê¯­ G ê¯­ A ê¯­ G ê¯­ C ê¯­ ğŸ’¨"", ""OwnerUin"": 0, ""Province"": """", ""UserName"": ""@8030876808b7568dbe9695741256ea44"", ""PYInitial"": ""??G?A?G?C?SPANCLASSEMOJIEMOJI1F4A8SPAN"", ""PYQuanPin"": ""??G?A?G?C?spanclassemojiemoji1f4a8span"", ""Signature"": ""æˆ‘æ˜¯é›·ç¥æ‰˜å°”ï¼Œä¸ºäº†åŒ—æ–¹ç¥çš„è£è€€ï¼"", ""UniFriend"": 0, ""AttrStatus"": 100790759, ""ChatRoomId"": 0, ""HeadImgUrl"": ""/cgi-bin/mmwebwx-bin/webwxgeticon?seq=0&username=@8030876808b7568dbe9695741256ea44&chatroomid=@42bcbd1c36ab77fd7ae0838b0eff674d&skey="", ""MemberList"": [], ""RemarkName"": """", ""StarFriend"": 0, ""VerifyFlag"": 0, ""ContactFlag"": 0, ""DisplayName"": """", ""MemberCount"": 0, ""MemberStatus"": 0, ""AppAccountFlag"": 0, ""EncryChatRoomId"": ""@42bcbd1c36ab77fd7ae0838b0eff674d"", ""RemarkPYInitial"": """", ""RemarkPYQuanPin"": """", ""HideInputBarFlag"": 0}]","çœŸèªæ˜ æ€äººä¹‹åä¸¢æªä¸ä¼šè¢«æªæ¯™","Text","robot-1","çå¦®å°ç‹—",NULL,"1524604759",NULL,NULL
"Wilson_æˆ¿ä¸œç½‘","Wilson","[{""Sex"": 2, ""Uin"": 0, ""City"": """", ""Alias"": """", ""IsOwner"": 0, ""KeyWord"": """", ""SnsFlag"": 1, ""Statues"": 0, ""NickName"": ""Wilson"", ""OwnerUin"": 0, ""Province"": """", ""UserName"": ""@f42eaa8556d6ec3466e3d681f1062bdf65a0faf177557b88d21eb171e50b046b"", ""PYInitial"": ""WILSON"", ""PYQuanPin"": ""Wilson"", ""Signature"": ""æ¯å¤©éƒ½æ˜¯æ–°çš„å¼€å§‹ã€‚"", ""UniFriend"": 0, ""AttrStatus"": 38207749, ""ChatRoomId"": 0, ""HeadImgUrl"": ""/cgi-bin/mmwebwx-bin/webwxgeticon?seq=0&username=@f42eaa8556d6ec3466e3d681f1062bdf65a0faf177557b88d21eb171e50b046b&chatroomid=@a9a42382782e512ec259681b5e1b2eed&skey="", ""MemberList"": [], ""RemarkName"": """", ""StarFriend"": 0, ""VerifyFlag"": 0, ""ContactFlag"": 0, ""DisplayName"": ""Wilson_æˆ¿ä¸œç½‘"", ""MemberCount"": 0, ""MemberStatus"": 0, ""AppAccountFlag"": 0, ""EncryChatRoomId"": ""@a9a42382782e512ec259681b5e1b2eed"", ""RemarkPYInitial"": """", ""RemarkPYQuanPin"": """", ""HideInputBarFlag"": 0}]","1","Note","robot-1","çå¦®å§",NULL,"1524604774",NULL,NULL
"Wilson_æˆ¿ä¸œç½‘","Elanieï¼ˆYingchun)","[{""Sex"": 0, ""Uin"": 0, ""City"": """", ""Alias"": """", ""IsOwner"": 0, ""KeyWord"": """", ""SnsFlag"": 1, ""Statues"": 0, ""NickName"": ""Elanieï¼ˆYingchun)"", ""OwnerUin"": 0, ""Province"": """", ""UserName"": ""@fe2c167fb8b00cb61e3e436ead1f66ca9634d212f94295d4c36c8ec1fc9e7b35"", ""PYInitial"": ""ELANIEYINGCHUN"", ""PYQuanPin"": ""ElanieYingchun"", ""Signature"": """", ""UniFriend"": 0, ""AttrStatus"": 102405, ""ChatRoomId"": 0, ""HeadImgUrl"": ""/cgi-bin/mmwebwx-bin/webwxgeticon?seq=0&username=@fe2c167fb8b00cb61e3e436ead1f66ca9634d212f94295d4c36c8ec1fc9e7b35&chatroomid=@a9a42382782e512ec259681b5e1b2eed&skey="", ""MemberList"": [], ""RemarkName"": """", ""StarFriend"": 0, ""VerifyFlag"": 0, ""ContactFlag"": 0, ""DisplayName"": """", ""MemberCount"": 0, ""MemberStatus"": 0, ""AppAccountFlag"": 0, ""EncryChatRoomId"": ""@a9a42382782e512ec259681b5e1b2eed"", ""RemarkPYInitial"": """", ""RemarkPYQuanPin"": """", ""HideInputBarFlag"": 0}]","Hi","Text","robot-1","çå¦®å§",NULL,"1524604825",NULL,NULL
